"MovieID","avg_rating","n"
2905,4.60869565217391,69
2019,4.56050955414013,628
318,4.55455770094297,2227
858,4.52496626180837,2223
745,4.52054794520548,657
50,4.5171060011217,1783
527,4.51041666666667,2304
1148,4.50793650793651,882
922,4.49148936170213,470
1198,4.47772474144789,2514
904,4.47619047619048,1050
1178,4.47391304347826,230
260,4.45369441658308,2991
1212,4.45208333333333,480
750,4.44989027066569,1367
720,4.42694063926941,438
1207,4.42564655172414,928
3435,4.41560798548094,551
912,4.41282204913122,1669
670,4.41071428571429,56
2762,4.40626270841806,2459
3030,4.4046511627907,215
1204,4.40192539109507,831
913,4.39597315436242,1043
1193,4.39072463768116,1725
923,4.38888888888889,1116
3307,4.38745387453875,271
1250,4.38699360341151,938
908,4.38403041825095,1315
1262,4.3764367816092,696
3022,4.36893203883495,206
1223,4.3615221987315,473
1221,4.35756501182033,1692
3089,4.35714285714286,252
593,4.35182311869666,2578
326,4.34426229508197,61
3134,4.33939393939394,165
1252,4.33924050632911,1185
2028,4.33735393893705,2653
3429,4.33576642335766,274
1136,4.33520950594121,1599
1267,4.33333333333333,765
2324,4.32986111111111,1152
3470,4.32608695652174,92
1131,4.32407407407407,216
1147,4.32129963898917,277
2731,4.32085561497326,187
1234,4.32030505243089,1049
2858,4.31738623103851,3428
2571,4.31583011583012,2590
1284,4.31238447319778,541
2360,4.30769230769231,117
2186,4.30497925311203,482
1197,4.3037100949094,2318
1233,4.3026973026973,1001
1260,4.30194805194805,308
898,4.30068728522337,582
910,4.30048076923077,832
953,4.29903978052126,729
1203,4.29545454545455,616
930,4.29438202247191,445
1196,4.29297658862876,2990
1254,4.28918322295806,453
2937,4.28846153846154,104
1172,4.28780487804878,615
1224,4.28638497652582,426
2357,4.28372093023256,215
3091,4.28368794326241,141
899,4.28362183754993,751
905,4.2807486631016,374
3469,4.27985074626866,268
296,4.27821280515891,2171
1213,4.27519613759807,1657
3679,4.2741935483871,62
541,4.27333333333333,1800
903,4.27292817679558,905
2203,4.27038626609442,233
1945,4.26974951830443,519
1217,4.26890756302521,357
1272,4.26666666666667,645
1132,4.25909090909091,220
363,4.25806451612903,62
926,4.25558312655087,403
608,4.25467568643056,2513
3634,4.25454545454545,165
1276,4.25376344086022,930
1189,4.25278810408922,269
1225,4.25180897250362,1382
969,4.25165562913907,1057
1278,4.25062866722548,1193
3730,4.24944812362031,453
951,4.24937027707809,397
1299,4.24863387978142,732
919,4.24796274738067,1718
1247,4.24583663758921,1261
678,4.24509803921569,306
1208,4.24319727891156,1176
954,4.2402088772846,383
3468,4.24,450
950,4.23972602739726,292
2804,4.23890532544379,1352
3462,4.23606557377049,305
110,4.23495702005731,2443
2859,4.23430962343096,239
1949,4.23287671232877,219
3801,4.23115577889447,199
1237,4.23076923076923,299
3196,4.22842639593909,394
2925,4.2280701754386,57
306,4.22754491017964,334
556,4.22727272727273,132
3077,4.22727272727273,88
2329,4.2265625,640
3897,4.22635814889336,994
1104,4.22567287784679,483
2692,4.22481343283582,1072
2609,4.22388059701493,67
1617,4.21940559440559,2288
3114,4.21892744479495,1585
1219,4.21852731591449,1263
3683,4.21815286624204,628
916,4.21647058823529,425
1248,4.215953307393,514
1304,4.21564482029598,1419
1361,4.21383647798742,159
1256,4.21043771043771,594
1358,4.20815632965166,1177
2351,4.20720720720721,111
928,4.20466321243523,386
3038,4.2027027027027,74
942,4.20205479452055,292
3789,4.19871794871795,156
1218,4.19672131147541,244
1927,4.19402985074627,268
1242,4.19334532374101,1112
2935,4.19310344827586,145
2920,4.19,100
3629,4.18909090909091,275
1236,4.18888888888889,90
246,4.18854748603352,716
1228,4.18759231905465,677
2208,4.18592964824121,199
111,4.18387096774194,1240
911,4.18300653594771,306
1288,4.17978533094812,1118
1283,4.17866004962779,403
1704,4.17635658914729,1548
1280,4.17328519855596,277
955,4.16949152542373,413
2726,4.16923076923077,130
1269,4.16815476190476,672
1066,4.16571428571429,175
1235,4.16499282639885,697
1900,4.16393442622951,61
2330,4.16304347826087,92
1214,4.15958498023715,2024
3147,4.15466448445172,1222
914,4.15408805031447,636
1240,4.15204957102002,2098
2066,4.15094339622642,106
3035,4.14964370546318,421
3000,4.14782608695652,345
945,4.14741035856574,251
1449,4.14718614718615,462
1,4.14684641309581,2077
1300,4.14545454545455,330
2300,4.14437689969605,658
1230,4.14167916041979,1334
1293,4.14157973174367,671
1253,4.14132379248658,559
3090,4.14124293785311,177
2501,4.13775510204082,588
3265,4.13761467889908,327
2788,4.13747228381375,451
1537,4.13714285714286,350
1089,4.13582208101668,1259
3095,4.13435700575816,521
1201,4.1338199513382,822
1291,4.13329238329238,1628
1950,4.12931034482759,348
1303,4.12903225806452,310
2396,4.12747994934572,2369
909,4.12709832134293,417
1200,4.12582417582418,1820
2997,4.12539045069166,2241
1294,4.12465878070974,1099
1939,4.1228813559322,236
1036,4.1218487394958,1666
2918,4.11744738628649,1473
3949,4.11513157894737,304
1952,4.1131221719457,663
1211,4.11157024793388,242
1222,4.11084529505582,1254
1287,4.11079545454545,704
1263,4.11,700
47,4.10642040457344,1137
947,4.1063829787234,188
293,4.10617551462622,923
3578,4.10602910602911,1924
1251,4.10526315789474,228
1258,4.1048758049678,1087
457,4.10325814536341,1995
3811,4.10277777777778,360
759,4.10169491525424,59
933,4.10158013544018,443
307,4.09876543209877,243
1953,4.09872241579559,861
1199,4.09748083242059,913
1259,4.096918767507,1785
906,4.09625668449198,187
1084,4.09620991253644,686
1944,4.09615384615385,364
1111,4.09574468085106,94
994,4.09555555555556,450
58,4.0938123752495,501
2936,4.09316770186335,161
1266,4.09027081243731,997
1090,4.09011373578303,1143
3088,4.08988764044944,356
1387,4.08956982911019,1697
741,4.08917197452229,314
2607,4.08823529411765,68
2612,4.08823529411765,136
2624,4.08823529411765,102
356,4.08796718322698,2194
599,4.08712121212121,264
3083,4.08629441624366,394
3365,4.08571428571429,245
446,4.08267716535433,254
800,4.08253968253968,630
2010,4.08247422680412,388
3334,4.0824295010846,461
1244,4.08217270194986,718
2927,4.08080808080808,99
3359,4.08076923076923,520
1231,4.08,750
1086,4.07915567282322,379
3741,4.07883817427386,241
1206,4.07811228641172,1229
2959,4.07718814610613,1451
936,4.07575757575758,132
232,4.07514450867052,346
965,4.07509881422925,253
2132,4.07407407407407,297
2064,4.07393483709273,798
3198,4.07384615384615,325
150,4.07354116706635,1251
1307,4.07334183673469,1568
3911,4.07305936073059,657
924,4.06876456876457,1716
1545,4.06849315068493,73
1046,4.06666666666667,90
2067,4.06560283687943,564
162,4.06313645621181,491
29,4.06203473945409,403
3006,4.05882352941176,884
589,4.05851264628162,2649
1947,4.05781865965834,761
213,4.05691056910569,123
2682,4.05681818181818,88
2677,4.05652173913044,230
2966,4.05594405594406,429
28,4.05586592178771,179
1264,4.05447470817121,257
1961,4.05338345864662,1330
1226,4.05309734513274,226
3421,4.05302402651201,1207
1446,4.05291005291005,189
1610,4.05205811138015,1652
3224,4.05194805194805,77
1963,4.0515873015873,252
2973,4.05,460
581,4.04964539007092,141
971,4.0479704797048,271
2761,4.04747774480712,674
3671,4.047363717605,1119
615,4.04477611940298,67
1719,4.04461942257218,381
3037,4.04399323181049,591
3508,4.04383561643836,365
2819,4.04075235109718,319
3341,4.03954802259887,177
3097,4.03883495145631,206
1041,4.0379746835443,474
1942,4.03361344537815,119
3507,4.03341902313625,389
1281,4.03240740740741,216
2917,4.03174603174603,504
1931,4.03111111111111,225
1362,4.03,100
2336,4.02985074626866,938
3783,4.02978723404255,235
1192,4.02857142857143,105
1935,4.02803738317757,107
17,4.02754491017964,835
3363,4.02626262626263,990
3819,4.02448979591837,245
1209,4.02312138728324,173
1210,4.02289281997919,2883
3814,4.02283105022831,219
3467,4.02150537634409,279
1394,4.02092050209205,1434
3504,4.0203488372093,688
2728,4.018779342723,426
1080,4.01835853131749,926
2248,4.01750547045952,914
2972,4.01538461538462,65
3471,4.0144727773949,1451
2908,4.01411764705882,850
3007,4.0135593220339,295
1292,4.01353637901861,591
2313,4.01312910284464,457
1934,4.01298701298701,77
2206,4.01197604790419,167
2940,4.00934579439252,107
2194,4.00798580301686,1127
3498,4.00677966101695,295
1797,4.0059880239521,167
1246,4.00584795321637,855
1245,4.00558659217877,358
1249,4.00545702592087,733
2944,4.004243281471,707
1175,4.00271739130435,368
456,4,93
497,4,667
1238,4,351
1827,4,102
2575,4,141
2670,4,220
3737,4,50
920,3.99740484429066,1156
1296,3.99642857142857,560
1674,3.9961759082218,1046
2951,3.99425287356322,522
1177,3.99319727891156,147
3929,3.99319727891156,147
1348,3.99159663865546,238
1270,3.99032133178475,2583
1956,3.99013806706114,507
1099,3.98969072164948,194
2983,3.98765432098765,81
1023,3.98642533936652,221
3075,3.98550724637681,69
1243,3.98461538461538,325
943,3.98245614035088,171
3735,3.98181818181818,495
3347,3.9811320754717,212
1759,3.98039215686275,51
1077,3.97983870967742,744
2732,3.97972972972973,148
529,3.97777777777778,720
949,3.97674418604651,215
1096,3.97674418604651,344
1960,3.97641509433962,636
927,3.97619047619048,84
1301,3.97587131367292,373
1946,3.97560975609756,205
2648,3.97536945812808,406
940,3.97354497354497,378
1289,3.97252747252747,182
3350,3.97202797202797,143
3152,3.97175141242938,354
3062,3.97159090909091,352
2020,3.97153945666235,773
1079,3.97134238310709,1326
2791,3.97111496244945,1731
2947,3.97101449275362,897
3742,3.97008547008547,234
3362,3.96993464052288,765
1273,3.96575342465753,146
308,3.96534653465347,202
1097,3.96518289995593,2269
915,3.96438356164384,365
3654,3.96414342629482,502
1419,3.96323529411765,136
2289,3.96319018404908,978
3475,3.96268656716418,134
2686,3.9622641509434,583
2398,3.96052631578947,380
778,3.96005326231691,751
3182,3.95967741935484,124
3728,3.95945945945946,148
2970,3.95918367346939,98
41,3.95867768595041,242
1411,3.95811518324607,382
1185,3.95805739514349,453
36,3.95797413793103,928
2932,3.95762711864407,118
3096,3.95698924731183,93
1788,3.95604395604396,91
1997,3.95593220338983,885
2565,3.95430107526882,372
1265,3.95302897278314,2278
3201,3.95264623955432,359
932,3.95238095238095,189
3148,3.9521800281294,711
2594,3.95161290322581,62
1188,3.95118343195266,676
1784,3.9501404494382,1424
3317,3.94959677419355,496
3135,3.94871794871795,195
3379,3.94736842105263,95
223,3.94688385269122,1412
1161,3.9468085106383,94
32,3.94573130377234,1511
2202,3.94366197183099,213
1954,3.94331266607617,1129
1060,3.94147582697201,786
3416,3.94117647058824,51
2871,3.94101508916324,729
3606,3.94082840236686,169
978,3.94,100
1220,3.93959731543624,1341
1834,3.93914807302231,493
3456,3.93846153846154,65
1176,3.93798449612403,129
1274,3.93362831858407,452
2183,3.93296089385475,179
265,3.93264248704663,772
1035,3.93197278911565,882
428,3.93155893536122,263
2268,3.93119698397738,1061
1150,3.93037974683544,158
2599,3.93035479632063,1522
3551,3.93,400
2071,3.92982456140351,171
3481,3.92862345229425,1373
555,3.92857142857143,658
1069,3.92727272727273,110
3364,3.92715231788079,151
3916,3.92448512585812,437
907,3.92380952380952,105
1103,3.9228855721393,402
3543,3.92252681764005,839
1344,3.92243767313019,361
1257,3.92161016949153,472
3019,3.92067307692308,416
2303,3.92,325
3451,3.92,350
3360,3.91864406779661,590
515,3.91777777777778,450
176,3.91707317073171,205
3681,3.91692307692308,325
290,3.91666666666667,168
3668,3.91573033707865,356
590,3.91523087525844,1451
973,3.91463414634146,82
1625,3.91383219954649,882
931,3.9126213592233,206
2664,3.9124203821656,628
2969,3.91208791208791,91
1340,3.91203703703704,216
1302,3.91145833333333,768
2611,3.91095890410959,146
1938,3.90983606557377,122
2924,3.90977443609023,133
3836,3.90933333333333,375
902,3.90828402366864,676
1162,3.90625,96
2716,3.90554791380101,2181
2070,3.90530303030303,264
1282,3.90455991516437,943
1923,3.90444930707513,1371
3246,3.90315789473684,475
2318,3.903125,320
3545,3.90293453724605,443
2467,3.90123456790123,324
475,3.90064102564103,312
2542,3.8976,625
628,3.89690721649485,485
2660,3.8962962962963,135
2176,3.89528795811518,191
2745,3.89519650655022,229
2919,3.89514066496164,391
508,3.89483065953654,561
1028,3.89416419386746,1011
921,3.89403973509934,302
3160,3.89398023360288,1113
319,3.89377289377289,273
3067,3.89235127478754,353
34,3.89149057681325,1751
1940,3.89010989010989,91
2863,3.88996138996139,518
2948,3.88975356679637,771
714,3.88888888888889,153
2285,3.88888888888889,54
2000,3.88690842040565,1627
595,3.88584905660377,1060
1095,3.88441330998249,571
1277,3.88429752066116,363
2921,3.88328075709779,317
2068,3.8828125,128
3079,3.88275862068966,145
1333,3.88267394270123,733
3424,3.8809218950064,781
1374,3.88052486187845,1448
838,3.88023952095808,501
3061,3.88,275
1968,3.87979207277453,1539
3751,3.87960872836719,1329
2359,3.87908961593172,703
6,3.87872340425532,940
1936,3.8780487804878,82
3859,3.8780487804878,82
3521,3.87765957446809,188
1962,3.87730061349693,652
82,3.87640449438202,89
1643,3.87547169811321,265
3405,3.875,144
2352,3.87470167064439,838
2949,3.87461300309598,646
553,3.87341772151899,553
3505,3.87323943661972,355
1641,3.87239366138449,1199
262,3.87209302325581,172
101,3.8695652173913,253
123,3.8695652173913,115
2511,3.86585365853659,82
247,3.86582809224319,477
2729,3.86567164179104,201
3068,3.86543535620053,379
3408,3.8638783269962,1315
1227,3.86307053941909,241
892,3.86184210526316,152
1682,3.86169154228856,1005
1073,3.86138613861386,1313
364,3.86083853702052,1121
334,3.85964912280702,114
2488,3.85882352941176,85
1948,3.85858585858586,198
2662,3.85840707964602,565
2693,3.85714285714286,224
3787,3.85714285714286,63
373,3.85658914728682,258
3342,3.85650224215247,223
3104,3.8562091503268,765
3396,3.85618279569892,744
3044,3.85591766723842,583
2797,3.85580147551979,1491
2739,3.85555555555556,450
3746,3.85507246376812,69
3925,3.85483870967742,124
2580,3.85477178423237,723
2355,3.85437463300059,1703
1649,3.85185185185185,189
3094,3.85148514851485,101
900,3.85131195335277,343
2139,3.85094850948509,369
946,3.85093167701863,161
314,3.85,300
3200,3.84883720930233,172
3178,3.84872298624754,509
3271,3.84756097560976,328
3552,3.84694932781799,967
1275,3.84615384615385,741
594,3.84534731323722,763
1365,3.8448275862069,58
3328,3.84394904458599,314
2138,3.84262295081967,305
2795,3.84153005464481,549
337,3.84126984126984,693
2395,3.84098360655738,1220
1180,3.84,50
3871,3.83934426229508,305
1663,3.83918918918919,740
3210,3.83747178329571,886
3361,3.83744292237443,1095
3733,3.83737024221453,289
1078,3.83602150537634,372
2212,3.8359375,128
3548,3.83576642335766,274
534,3.83566433566434,286
125,3.83333333333333,318
3622,3.83333333333333,84
3872,3.83333333333333,102
2130,3.83223684210526,304
3098,3.83211678832117,548
3060,3.83154121863799,558
2238,3.83116883116883,77
1678,3.82911392405063,474
3039,3.82836710369487,839
2312,3.82779456193353,331
2644,3.82773109243697,238
80,3.82692307692308,52
1261,3.82664233576642,548
3675,3.82656826568266,271
1913,3.82634730538922,167
1734,3.82587064676617,201
3499,3.82579185520362,884
474,3.82510288065844,972
2442,3.825,160
1354,3.82397003745318,267
866,3.82342657342657,572
2971,3.82334384858044,317
2137,3.82293762575453,497
1748,3.82265446224256,874
538,3.82222222222222,315
2757,3.82222222222222,135
1050,3.82191780821918,146
549,3.82165605095541,157
2502,3.82110091743119,872
3793,3.82064857710126,1511
2204,3.82022471910112,89
3910,3.82,200
2160,3.8188202247191,712
3069,3.81818181818182,55
535,3.81727574750831,301
73,3.81696428571429,224
2078,3.81626506024096,664
1285,3.81569115815691,803
302,3.81395348837209,86
1500,3.81338028169014,1136
1408,3.81333333333333,975
2333,3.81314878892734,578
2872,3.81266846361186,742
199,3.81196581196581,117
3366,3.81132075471698,265
440,3.81118143459916,948
2295,3.81081081081081,74
1914,3.80913978494624,372
3788,3.80894308943089,246
1964,3.80794701986755,302
2890,3.80705190989226,1021
1357,3.80656934306569,548
215,3.80625,160
1271,3.80607082630691,593
345,3.80597014925373,469
3159,3.80573951434879,453
1941,3.80530973451327,113
2080,3.80439814814815,864
1215,3.8042328042328,945
1184,3.8021978021978,91
1635,3.80078895463511,507
3384,3.80072463768116,276
562,3.79916317991632,478
2310,3.79850746268657,134
1912,3.79735682819383,908
1957,3.79652996845426,634
1955,3.79646017699115,452
1466,3.79554937413074,719
944,3.79381443298969,97
11,3.79380445304937,1033
918,3.79365079365079,189
1305,3.79338842975207,121
16,3.79325513196481,682
3296,3.79310344827586,203
3549,3.79230769230769,260
3547,3.79220779220779,77
3653,3.79194630872483,149
1921,3.79119086460033,613
1680,3.79094827586207,464
3310,3.79032258064516,62
1179,3.78870056497175,885
588,3.78830495928942,1351
3074,3.78828828828829,222
3072,3.78716904276986,982
1929,3.78571428571429,84
2069,3.78571428571429,140
2288,3.78542510121457,741
929,3.78494623655914,93
2302,3.78453038674033,1086
2943,3.78125,160
3952,3.78092783505155,388
3105,3.78088235294118,680
3655,3.78,50
1125,3.77922077922078,385
1085,3.77862595419847,131
1594,3.7785016286645,307
1639,3.77846790890269,966
2946,3.77319587628866,291
3175,3.77141203703704,1728
3168,3.77113402061856,485
1673,3.76950354609929,1128
3526,3.76942046855734,811
531,3.76923076923077,338
2401,3.76923076923077,312
3289,3.76923076923077,52
1584,3.7684515195369,1382
3357,3.76699029126214,103
3516,3.76651982378855,227
728,3.76497695852535,217
2721,3.76470588235294,85
3071,3.76452599388379,327
480,3.76384730538922,2672
2076,3.76299694189602,654
3028,3.76258992805755,139
1683,3.76146788990826,218
2654,3.76119402985075,134
539,3.7606490872211,986
1873,3.76061776061776,259
2700,3.76044129235619,1269
3330,3.75925925925926,108
1393,3.75905395417591,1353
300,3.75886524822695,705
3510,3.75883069427527,821
249,3.75862068965517,261
3822,3.75714285714286,70
2081,3.75652173913043,1035
3100,3.75601926163724,623
194,3.75586854460094,213
1022,3.75563258232236,577
3678,3.75555555555556,90
3613,3.75531914893617,94
3386,3.75529100529101,756
897,3.75510204081633,98
321,3.75409836065574,61
948,3.75384615384615,130
3406,3.75238095238095,105
1321,3.75227686703097,549
2391,3.75167785234899,745
596,3.75100401606426,498
1845,3.75083056478405,301
190,3.75,100
3256,3.75,1052
3747,3.75,148
3932,3.75,232
3536,3.74846625766871,489
2967,3.74803149606299,127
2243,3.74778200253485,789
1279,3.74742268041237,194
2725,3.74736842105263,95
2952,3.74731182795699,186
2922,3.74688796680498,241
3753,3.74516129032258,1240
357,3.74371451743715,1233
2109,3.7434554973822,573
3034,3.74344023323615,343
483,3.74324324324324,74
1907,3.74285714285714,490
2239,3.74226804123711,97
959,3.74137931034483,58
3713,3.74117647058824,85
1124,3.74074074074074,405
2075,3.74074074074074,81
1580,3.73995271867612,2538
1392,3.73972602739726,219
2018,3.73853989813243,589
1732,3.7383773928897,1097
2669,3.73831775700935,107
2852,3.73780487804878,164
3494,3.7375,320
3397,3.73743016759777,358
2347,3.73684210526316,95
1171,3.73493975903614,415
3448,3.73382624768946,1082
1094,3.73148901545972,1229
1937,3.73015873015873,63
3260,3.72916666666667,480
3723,3.72862453531599,269
1396,3.72777268560953,1091
1730,3.72727272727273,176
2150,3.72661870503597,695
154,3.72619047619048,168
349,3.7261567516525,1059
1694,3.72611464968153,471
272,3.72584856396867,383
3008,3.72549019607843,51
94,3.72527472527473,182
1684,3.72413793103448,58
161,3.72368421052632,760
3936,3.72321428571429,112
733,3.72313432835821,1340
3447,3.72222222222222,72
3546,3.7219730941704,223
3487,3.72058823529412,68
3831,3.72043010752688,186
2117,3.71942446043165,278
492,3.71940298507463,335
1693,3.71794871794872,351
3724,3.71794871794872,195
551,3.71787148594378,996
2276,3.71428571428571,70
2125,3.71394230769231,416
3420,3.71356783919598,199
3252,3.71351351351351,555
1982,3.71343873517787,506
322,3.71291866028708,209
3052,3.71284125379171,989
2529,3.71256454388985,1162
3920,3.71212121212121,66
3181,3.71165644171779,163
1653,3.71123491179201,1077
2144,3.71070931849791,719
1517,3.7103734439834,1205
2096,3.71037181996086,511
2706,3.70986321094312,1389
3076,3.70967741935484,93
3727,3.70945945945946,148
1356,3.70916030534351,1310
1297,3.70814479638009,442
2108,3.70666666666667,825
2993,3.70544554455446,404
941,3.7047619047619,105
1012,3.70431893687708,301
3163,3.70394736842105,304
2210,3.7037037037037,54
3188,3.7037037037037,54
1019,3.70260869565217,575
2118,3.70247933884298,363
1484,3.70161290322581,124
3129,3.70138888888889,288
1082,3.7012987012987,154
3066,3.70103092783505,194
2690,3.7,390
3111,3.69953051643192,213
348,3.6989010989011,455
2750,3.69824561403509,285
1032,3.69714285714286,525
3093,3.69711538461538,208
3852,3.69711538461538,208
2321,3.69689119170984,1158
235,3.69687162891046,927
62,3.69685767097967,541
2857,3.69674185463659,399
3604,3.69672131147541,122
893,3.69565217391304,69
3244,3.69565217391304,322
1951,3.69483568075117,213
2968,3.69405940594059,1010
441,3.69362363919129,643
1885,3.69243421052632,608
2696,3.69135802469136,81
431,3.69105691056911,369
2390,3.69090909090909,330
3682,3.69047619047619,210
1729,3.68922651933702,724
2406,3.68921933085502,1345
2171,3.68877551020408,196
2866,3.68844221105528,199
1029,3.68838028169014,568
2114,3.6875,256
3267,3.68737060041408,483
2353,3.68724696356275,988
1101,3.68613861386139,1010
1994,3.68427672955975,795
803,3.68421052631579,57
1127,3.68396501457726,1715
3150,3.68333333333333,60
3576,3.6830985915493,284
1965,3.68308921438083,751
2916,3.68236472945892,1996
3358,3.68161434977578,446
3868,3.68063583815029,692
3512,3.68061674008811,454
3418,3.6803105151729,1417
671,3.67982456140351,456
2987,3.67982212340189,1799
3255,3.67970882620564,1099
2912,3.67932489451477,474
982,3.67901234567901,81
3203,3.67806841046278,497
342,3.67760617760618,518
2115,3.67613132209405,1127
917,3.67532467532468,77
509,3.67434210526316,608
3703,3.67408123791103,1034
3479,3.67343173431734,542
968,3.67132867132867,715
2029,3.67105263157895,76
1343,3.67103347889374,687
206,3.67073170731707,82
3101,3.66957605985037,802
3873,3.66785714285714,280
2073,3.66666666666667,66
3230,3.66666666666667,78
3241,3.66666666666667,57
3720,3.66666666666667,87
3950,3.66666666666667,54
3461,3.6657223796034,353
2687,3.66515837104072,442
3538,3.66477272727273,176
299,3.66433566433566,143
3702,3.66416510318949,1066
2178,3.66315789473684,95
2671,3.66282051282051,780
449,3.66197183098592,71
3204,3.66176470588235,204
1633,3.66165413533835,266
2087,3.65993265993266,594
1187,3.65986394557823,147
523,3.65811965811966,117
934,3.65789473684211,304
1376,3.6563055062167,1126
2366,3.65608465608466,756
3266,3.65584415584416,154
69,3.6551724137931,319
1216,3.6551724137931,87
3624,3.65486725663717,791
1516,3.65384615384615,52
3527,3.6538164996145,1297
1959,3.65335463258786,626
2621,3.65217391304348,69
3658,3.65217391304348,69
2140,3.65211267605634,710
3078,3.65161290322581,155
25,3.65102040816327,980
1397,3.65079365079365,63
3368,3.65079365079365,63
1758,3.65,100
261,3.64912280701754,285
30,3.64864864864865,74
281,3.6480686695279,233
2437,3.64705882352941,85
1966,3.64646464646465,198
1034,3.64497041420118,169
901,3.64367816091954,174
3102,3.64344262295082,244
3189,3.64333333333333,300
2763,3.64187327823691,1089
597,3.6414913957935,1046
1298,3.64082687338501,387
1527,3.64052287581699,1377
52,3.64037122969838,431
2915,3.63967136150235,852
388,3.63917525773196,97
2988,3.63888888888889,108
1967,3.63718411552347,554
3948,3.63573085846868,862
1232,3.63461538461538,52
72,3.63440860215054,93
380,3.63428571428571,1400
613,3.63414634146341,82
935,3.63380281690141,71
2434,3.63333333333333,60
117,3.63291139240506,79
3167,3.63253012048193,166
3556,3.63109756097561,328
3599,3.63106796116505,103
471,3.63105175292154,599
3639,3.62906724511931,461
3108,3.62645502645503,945
2841,3.62628336755647,487
3480,3.6258064516129,155
21,3.62389380530973,1356
1350,3.62347188264059,409
635,3.62337662337662,77
39,3.62334801762115,1362
1615,3.62114537444934,227
2425,3.62068965517241,58
938,3.62032085561497,187
2779,3.62028985507246,345
3275,3.6195652173913,92
2596,3.61870503597122,139
1081,3.61751152073733,434
3153,3.61627906976744,258
524,3.61554621848739,476
715,3.61538461538462,52
2941,3.61428571428571,280
1186,3.61387900355872,562
233,3.61276595744681,235
205,3.61176470588235,85
1202,3.61111111111111,72
2439,3.61111111111111,198
1025,3.61092150170648,293
2349,3.61077844311377,167
3011,3.61073825503356,149
1183,3.60970677451972,989
425,3.60952380952381,105
2236,3.60891089108911,202
2231,3.60869565217391,345
2583,3.60851063829787,235
2058,3.60826032540676,799
1958,3.60754716981132,530
493,3.60738255033557,298
2083,3.60687022900763,262
501,3.6063829787234,94
3635,3.60574948665298,487
2161,3.60515021459227,699
1345,3.60493827160494,567
986,3.60344827586207,232
627,3.60330578512397,121
1306,3.60294117647059,136
952,3.60223048327138,269
2495,3.60204081632653,98
2099,3.60180995475113,221
592,3.60097833682739,1431
3253,3.60089285714286,1120
448,3.60087719298246,228
2764,3.6,280
2065,3.59916492693111,479
2184,3.59863945578231,147
2570,3.59803921568627,102
2085,3.59646017699115,565
1414,3.5952380952381,168
2443,3.5952380952381,126
2371,3.59432387312187,599
3844,3.59313725490196,408
2291,3.59266802443992,1473
3685,3.59266055045872,545
2991,3.59241706161137,422
1290,3.59130434782609,230
3823,3.59090909090909,66
2870,3.59067357512953,193
2301,3.59029649595687,371
2436,3.59016393442623,122
805,3.59011627906977,344
3417,3.58904109589041,73
151,3.5884476534296,554
2423,3.58834951456311,515
1608,3.58828996282528,1076
1017,3.58695652173913,276
1286,3.5859649122807,285
3700,3.58536585365854,246
1721,3.58344113842173,1546
1120,3.58333333333333,456
2182,3.58163265306122,98
3927,3.58045977011494,348
3086,3.58024691358025,81
3476,3.57871064467766,667
1380,3.57772337821297,817
1407,3.57562076749436,886
963,3.57407407407407,54
2403,3.57178841309824,397
2394,3.57167530224525,579
976,3.57142857142857,56
3304,3.57142857142857,56
3726,3.57142857142857,98
280,3.57075471698113,212
3763,3.57061340941512,701
1672,3.57009345794393,321
766,3.57,100
171,3.56989247311828,93
1660,3.56983240223464,179
2174,3.56789297658863,1495
2181,3.56779661016949,118
1295,3.56766917293233,266
164,3.56728232189974,379
522,3.56626506024096,83
2273,3.56618819776715,627
2820,3.56603773584906,53
1013,3.56589147286822,258
377,3.56545454545455,1650
2173,3.56363636363636,110
1337,3.5625,64
2006,3.56154628687691,983
165,3.56121212121212,825
156,3.56060606060606,66
3213,3.56034482758621,232
412,3.5593220338983,295
1057,3.55839416058394,274
1810,3.55807365439094,353
3812,3.55789473684211,285
1865,3.55555555555556,54
3792,3.55555555555556,72
3372,3.55357142857143,56
647,3.55328798185941,441
2348,3.55263157894737,304
1061,3.55080213903743,374
2730,3.55029585798817,169
141,3.54985337243402,682
2883,3.54873646209386,277
3466,3.54794520547945,219
180,3.54767184035477,451
454,3.54733009708738,824
222,3.54711246200608,329
2899,3.54700854700855,117
610,3.54692556634304,618
3501,3.54646840148699,269
2001,3.54500494559842,1011
14,3.54248366013072,153
390,3.54237288135593,59
1542,3.54201680672269,238
1092,3.54194407456724,751
1370,3.54185022026432,1135
147,3.5414364640884,181
10,3.54054054054054,888
3032,3.54017857142857,224
1056,3.54,50
3555,3.53964757709251,908
2499,3.53846153846154,52
2407,3.53777335984095,1006
2037,3.53703703703704,54
2633,3.53703703703704,162
2640,3.53682487725041,1222
514,3.53179190751445,346
2022,3.53149606299213,254
1083,3.53048780487805,164
3118,3.53030303030303,66
26,3.53,100
3327,3.52985074626866,134
482,3.52840909090909,176
2278,3.5272952853598,806
269,3.52727272727273,55
104,3.52639296187683,682
346,3.525,120
253,3.52439024390244,738
368,3.52369077306733,802
991,3.52352941176471,170
507,3.52272727272727,308
2874,3.52238805970149,67
2166,3.52083333333333,144
2282,3.51898734177215,316
2009,3.51895734597156,422
3081,3.51688555347092,1066
2801,3.51648351648352,91
3211,3.51515151515152,66
3125,3.515,200
2774,3.51470588235294,68
2370,3.51408450704225,142
1870,3.51388888888889,72
3169,3.51383399209486,253
861,3.51282051282051,273
3915,3.51181102362205,127
3502,3.51136363636364,88
780,3.51040462427746,1730
2240,3.50840336134454,238
1190,3.50757575757576,132
1401,3.50617283950617,162
2490,3.50582147477361,773
1916,3.50564971751412,354
2707,3.50473186119874,634
2782,3.50467289719626,107
3398,3.50439882697947,341
1897,3.50375939849624,133
3176,3.50338091660406,1331
1688,3.50328947368421,304
1699,3.50322580645161,155
2550,3.50273224043716,183
3893,3.50268336314848,559
333,3.50243902439024,410
2989,3.50117647058824,425
229,3.5,108
242,3.5,80
1485,3.5,666
1670,3.5,82
2939,3.5,52
3903,3.5,52
339,3.49925705794948,673
2005,3.49720670391061,716
802,3.49648711943794,427
587,3.49644128113879,1124
2193,3.49625935162095,802
2048,3.49618320610687,131
851,3.49606299212598,127
3046,3.49411764705882,85
2077,3.49350649350649,154
1909,3.4929718875502,996
1465,3.49206349206349,126
2891,3.49189189189189,185
506,3.49122807017544,114
2753,3.49122807017544,57
3734,3.49122807017544,57
316,3.49014336917563,1116
1777,3.48954895489549,909
1747,3.48952590959206,907
2112,3.48843930635838,346
2097,3.48826291079812,213
1476,3.48697394789579,499
1904,3.48672566371681,113
1268,3.48580441640379,317
1347,3.48558758314856,451
417,3.48557692307692,208
1535,3.48543689320388,103
3174,3.48512585812357,874
1047,3.48387096774194,434
2294,3.48372093023256,645
3261,3.48251748251748,429
3760,3.48196721311475,305
1042,3.48106060606061,528
1031,3.47962382445141,319
2159,3.47945205479452,219
832,3.47872340425532,564
3087,3.47868217054264,516
785,3.47843137254902,765
1554,3.47826086956522,138
3186,3.47795823665893,431
175,3.47727272727273,220
2167,3.47713226205192,809
837,3.47706422018349,218
3627,3.47663551401869,107
1194,3.47641509433962,212
3018,3.4758064516129,248
2929,3.47441860465116,215
1648,3.47422680412371,194
2090,3.47389558232932,249
2518,3.47278911564626,294
3947,3.47272727272727,55
650,3.47191011235955,89
3529,3.47096774193548,155
3770,3.47041420118343,338
2528,3.46964856230032,626
2232,3.46781115879828,233
3676,3.46733668341709,199
477,3.46666666666667,195
2046,3.46641791044776,536
1129,3.46493212669683,884
661,3.4647619047619,525
2879,3.46341463414634,164
3633,3.46175637393768,353
3699,3.46127167630058,865
2463,3.46105263157895,475
2474,3.46064139941691,343
99,3.46,50
3298,3.45932203389831,590
2880,3.45833333333333,72
3598,3.45810055865922,179
163,3.45740740740741,540
2738,3.45569620253165,79
2272,3.45535714285714,112
2013,3.45498392282958,622
2045,3.45454545454545,55
3503,3.45454545454545,143
3738,3.45454545454545,77
3554,3.45378151260504,119
230,3.45272206303725,349
2015,3.45263157894737,380
3020,3.45229007633588,524
3404,3.45205479452055,219
2985,3.45158665581774,1229
3128,3.45098039215686,51
68,3.45,60
1033,3.44947735191638,287
43,3.44578313253012,166
574,3.44571428571429,175
1805,3.44568690095847,626
353,3.44550408719346,734
1441,3.44490644490645,481
112,3.44385964912281,570
1722,3.44199535962877,862
3928,3.44174757281553,206
3107,3.44073647871116,869
2455,3.44070961718021,1071
2287,3.43928571428571,280
848,3.43589743589744,156
1645,3.43583535108959,826
3643,3.43564356435644,101
2736,3.43555555555556,225
2889,3.43554006968641,287
1883,3.43524096385542,664
2867,3.43464052287582,306
708,3.43446244477172,679
648,3.43287491814014,1527
2280,3.432,125
896,3.43137254901961,51
3550,3.43125,160
2100,3.43078245915735,1163
1794,3.43046357615894,151
3370,3.43023255813953,86
2996,3.42857142857143,133
2141,3.42821782178218,404
1619,3.42817679558011,362
1569,3.42804878048781,820
3524,3.42696629213483,534
2470,3.4265350877193,912
266,3.42553191489362,705
45,3.42463235294118,544
2134,3.42352941176471,510
1922,3.42307692307692,52
2344,3.4228855721393,201
2572,3.42285714285714,700
2665,3.42253521126761,71
361,3.42164179104478,268
2527,3.42138364779874,636
1587,3.42132867132867,572
1518,3.42090395480226,354
500,3.4200477326969,838
1051,3.41836734693878,98
1378,3.41814946619217,562
2420,3.41784989858012,493
2311,3.41702127659574,470
663,3.41666666666667,264
3628,3.41584158415842,101
1701,3.41549295774648,284
3450,3.41532756489493,809
3155,3.41441441441441,333
3729,3.41441441441441,222
2245,3.41439688715953,514
3740,3.41438356164384,584
155,3.41379310344828,87
3179,3.41333333333333,225
1799,3.4131455399061,213
3185,3.41206030150754,398
7,3.41048034934498,458
2628,3.40977777777778,2250
1372,3.40959040959041,1001
3795,3.40909090909091,66
3591,3.40764331210191,628
1255,3.40740740740741,54
1093,3.40735294117647,680
1597,3.40567200986436,811
3608,3.40534262485482,861
1014,3.40441176470588,136
57,3.4040404040404,99
3706,3.40401785714286,448
1875,3.40243902439024,164
85,3.4020618556701,194
3250,3.40163934426229,366
1573,3.40112596762843,1421
1059,3.40083507306889,479
3422,3.4,210
2427,3.39850560398506,803
3809,3.39779681762546,817
3771,3.39735099337748,151
2539,3.39448051948052,616
86,3.39406779661017,236
144,3.39260969976905,433
350,3.39223300970874,515
964,3.3921568627451,51
224,3.39119170984456,386
2414,3.39050131926121,379
3055,3.39024390243902,82
1785,3.38888888888889,180
2683,3.3884239888424,1434
3070,3.38788870703764,611
1754,3.38659793814433,388
2102,3.38578680203046,197
3142,3.38461538461538,130
3769,3.38421052631579,190
543,3.3841642228739,682
3827,3.38284518828452,478
2457,3.38223938223938,259
3745,3.38130841121495,535
1840,3.38125,160
481,3.38095238095238,294
1205,3.38095238095238,231
2424,3.38066825775656,838
3251,3.3804347826087,276
1413,3.38,50
3082,3.37935034802784,862
3301,3.37873754152824,602
781,3.37864077669903,103
3571,3.37795275590551,127
988,3.3768115942029,69
329,3.37676767676768,990
3005,3.3765625,640
2165,3.37614678899083,109
3015,3.375,144
3684,3.37430167597765,358
3790,3.37254901960784,51
3566,3.37171052631579,304
1892,3.3715710723192,401
3112,3.37142857142857,70
3412,3.37142857142857,175
3618,3.37127371273713,369
268,3.37037037037037,54
3259,3.3697270471464,403
521,3.36752136752137,117
2846,3.36746987951807,166
2145,3.36652236652237,693
2275,3.36619718309859,71
1824,3.36538461538462,104
3506,3.36526946107784,167
362,3.36401673640167,239
2496,3.36388888888889,360
421,3.36170212765957,94
2661,3.36170212765957,94
3926,3.36111111111111,180
2885,3.36065573770492,61
1589,3.35975609756098,492
2433,3.35947712418301,612
680,3.359375,64
3145,3.35907335907336,259
2734,3.35836909871245,466
2454,3.35833333333333,480
1459,3.35789473684211,380
1241,3.35714285714286,70
735,3.35643564356436,101
2553,3.35616438356164,219
2021,3.35614702154626,789
2105,3.35567010309278,970
1375,3.35382955771305,927
616,3.35251798561151,278
1464,3.35172413793103,145
1611,3.35169491525424,236
3217,3.35164835164835,91
3755,3.35143139190523,1013
2759,3.35116279069767,430
2926,3.35056179775281,445
2622,3.34939759036145,415
22,3.34920634920635,378
799,3.3491124260355,338
1173,3.34848484848485,198
2393,3.34820322180917,807
3513,3.34761904761905,420
3199,3.34722222222222,72
3519,3.34673366834171,199
2476,3.34666666666667,300
494,3.34615384615385,416
1015,3.34615384615385,234
1884,3.34563758389262,298
2023,3.34496124031008,774
2025,3.34389140271493,221
1339,3.34375,672
2011,3.34369602763385,1158
2506,3.34355828220859,163
2645,3.34313725490196,102
351,3.34241245136187,257
289,3.34177215189873,158
3430,3.34090909090909,220
2057,3.34065934065934,91
1650,3.34,50
2104,3.33962264150943,53
3302,3.33962264150943,53
3375,3.33846153846154,65
3427,3.33783783783784,74
2928,3.33766233766234,77
18,3.3375796178344,157
1620,3.33670886075949,395
3798,3.33477321814255,463
1482,3.33333333333333,63
2116,3.33333333333333,438
2746,3.33226495726496,936
3478,3.33082706766917,266
1008,3.3298969072165,97
3214,3.3298969072165,97
2261,3.32919254658385,161
3914,3.32857142857143,70
1049,3.32815964523282,451
2180,3.32758620689655,58
1612,3.32727272727273,55
1395,3.32542372881356,295
490,3.32432432432432,185
700,3.32413793103448,145
2649,3.32307692307692,65
2617,3.32174776564052,1007
408,3.31944444444444,72
2363,3.31893687707641,301
3896,3.31843575418994,179
2024,3.31756756756757,148
491,3.31603773584906,212
2155,3.31460674157303,267
35,3.31428571428571,70
465,3.31428571428571,105
605,3.3141592920354,226
2747,3.31179775280899,356
1088,3.31149927219796,687
3718,3.31147540983607,61
1836,3.31111111111111,135
3040,3.31111111111111,315
369,3.31034482758621,58
1654,3.31034482758621,87
1054,3.30864197530864,81
2346,3.30666666666667,300
1429,3.30639730639731,297
3194,3.30454545454545,220
236,3.30368098159509,326
3197,3.30278884462151,251
3594,3.3021978021978,182
3117,3.3013698630137,73
3300,3.30073800738007,542
2475,3.3,140
2106,3.2972972972973,185
198,3.29586776859504,605
145,3.29558011049724,362
2836,3.29447852760736,163
1425,3.29166666666667,168
2657,3.2911597729116,1233
3425,3.29113924050633,79
2551,3.29100529100529,189
2384,3.2906309751434,523
1835,3.2896174863388,366
2271,3.28947368421053,76
3813,3.28915662650602,83
3270,3.285,200
159,3.28448275862069,116
3033,3.28364849833148,899
2059,3.28358208955224,268
999,3.28321678321678,286
1621,3.28235294117647,85
2290,3.28099173553719,121
3794,3.28099173553719,121
450,3.28070175438596,228
1614,3.2803738317757,428
1566,3.27931769722814,469
1480,3.27924528301887,265
461,3.27906976744186,86
367,3.27905004240882,1179
1943,3.27868852459016,61
2469,3.27667984189723,506
458,3.27586206896552,87
3441,3.27578947368421,475
2133,3.27541589648799,541
2803,3.27456647398844,346
340,3.27380952380952,84
3029,3.27368421052632,190
3807,3.27358490566038,106
3882,3.27350427350427,234
3409,3.2723311546841,459
2043,3.27215189873418,158
468,3.27142857142857,350
2143,3.27042253521127,355
764,3.27027027027027,74
252,3.26975476839237,367
1385,3.26898047722343,461
292,3.268758526603,733
1010,3.26859504132231,242
2003,3.2680412371134,776
2376,3.26769230769231,325
1858,3.26744186046512,172
3617,3.2673031026253,419
3565,3.26714801444043,277
383,3.26666666666667,270
1552,3.26624737945493,954
2110,3.26430517711172,367
13,3.26262626262626,99
2770,3.2620320855615,935
3863,3.26139817629179,658
3619,3.26086956521739,92
381,3.260663507109,211
78,3.26,50
3414,3.26,50
1130,3.25974025974026,231
3806,3.25862068965517,58
2860,3.2578125,128
2875,3.25773195876289,291
2600,3.25609756097561,410
3930,3.25560538116592,223
1416,3.25531914893617,282
3219,3.25503355704698,447
2002,3.25436408977556,802
3686,3.25423728813559,413
1711,3.2531847133758,628
2340,3.25290697674419,344
2714,3.25287356321839,87
1018,3.2520325203252,123
1428,3.25,52
2453,3.25,176
3786,3.25,184
2413,3.24830699774266,443
3206,3.24812030075188,133
2634,3.24731182795699,93
1024,3.24603174603175,126
376,3.24571428571429,350
3744,3.24228028503563,421
2012,3.24216027874564,1148
580,3.24193548387097,62
2361,3.24050632911392,158
552,3.24007561436673,529
1020,3.23979591836735,392
1895,3.23856209150327,306
187,3.23809523809524,105
3099,3.23809523809524,273
3784,3.23636363636364,165
105,3.23255813953488,387
3127,3.23214285714286,56
3865,3.2312925170068,147
3712,3.23013698630137,365
3036,3.22988505747126,174
2519,3.22916666666667,96
1727,3.22857142857143,210
257,3.2280701754386,114
2111,3.2275641025641,312
653,3.22549019607843,612
3444,3.22522522522523,222
3701,3.22420634920635,504
453,3.22388059701493,67
2331,3.22346368715084,179
282,3.22325581395349,215
783,3.22307692307692,390
2459,3.22267206477733,247
2541,3.22182468694097,559
852,3.22113821138211,615
188,3.22105263157895,190
2769,3.22077922077922,77
3496,3.22033898305085,59
3614,3.21955719557196,542
3535,3.21904761904762,630
3109,3.21875,64
2749,3.2183908045977,87
1016,3.21794871794872,156
3615,3.21739130434783,345
2177,3.21686746987952,83
60,3.21288515406162,357
2337,3.20634920634921,126
2784,3.20634920634921,63
3272,3.2046783625731,171
467,3.2037037037037,54
3269,3.20335429769392,477
2901,3.2030303030303,330
2419,3.20289855072464,69
2639,3.20245398773006,163
1753,3.2020202020202,198
2567,3.20198675496689,302
1399,3.20192307692308,104
2135,3.20168067226891,238
1735,3.20152091254753,263
2,3.20114122681883,701
2712,3.2010582010582,945
2881,3.20101781170483,786
2062,3.2,70
2990,3.2,385
3698,3.1986301369863,730
1390,3.19834710743802,121
3308,3.19727891156463,294
1479,3.19715808170515,563
3138,3.1969696969697,66
2089,3.19665271966527,239
3623,3.1957349581112,1313
3426,3.1953488372093,215
1821,3.19431279620853,211
3445,3.19424460431655,139
1661,3.19318181818182,88
2249,3.19246861924686,239
231,3.19242424242424,660
2647,3.19230769230769,52
1917,3.19189189189189,1110
317,3.19188767550702,641
3638,3.19171779141104,652
1398,3.19047619047619,63
2672,3.18925831202046,391
1135,3.18918918918919,407
3263,3.18890554722639,667
3515,3.1875,192
1009,3.18556701030928,291
1366,3.18518518518519,108
1346,3.18390804597701,174
216,3.1830985915493,355
2780,3.18292682926829,82
277,3.18235294117647,170
2844,3.18072289156627,83
1331,3.18,50
24,3.17948717948718,624
371,3.17924528301887,212
354,3.17910447761194,67
695,3.17777777777778,135
2014,3.17777777777778,180
2409,3.17752808988764,445
2709,3.17672413793103,232
2554,3.17647058823529,136
517,3.17539267015707,382
2781,3.17460317460317,63
736,3.17387387387387,1110
225,3.17322834645669,254
1658,3.17241379310345,116
1919,3.17241379310345,116
1792,3.171875,448
2151,3.171875,128
358,3.17021276595745,141
3649,3.16949152542373,295
2124,3.16946778711485,714
365,3.16901408450704,71
2605,3.16859716859717,777
2581,3.16826923076923,624
3247,3.16816816816817,666
806,3.16666666666667,60
1582,3.16666666666667,60
1876,3.16648044692737,895
3704,3.16620498614958,722
140,3.16546762589928,139
2033,3.165,200
2641,3.16430260047281,846
536,3.16363636363636,55
3115,3.16363636363636,110
2405,3.16344725111441,673
1027,3.16279069767442,344
81,3.16265060240964,166
3514,3.16129032258065,62
3858,3.15942028985507,69
3016,3.15883668903803,447
2826,3.15866666666667,750
1454,3.15853658536585,82
70,3.15645514223195,914
2262,3.15644171779141,326
1686,3.15596330275229,109
3528,3.15576323987539,321
1689,3.1547619047619,252
372,3.15420560747664,428
2861,3.15254237288136,354
748,3.15107913669065,417
451,3.15094339622642,106
3157,3.15,520
2416,3.14971751412429,354
344,3.14882506527415,766
2136,3.14864864864865,222
107,3.1484375,256
1475,3.14814814814815,81
170,3.14641744548287,321
2651,3.14634146341463,82
2520,3.14525139664804,179
2250,3.14516129032258,62
3846,3.14492753623188,138
1404,3.14473684210526,76
2098,3.14473684210526,76
288,3.14428571428571,700
271,3.14285714285714,63
3452,3.14199395770393,331
2688,3.14182344428365,691
1918,3.14050822122571,669
3525,3.13888888888889,360
1769,3.13793103448276,319
1498,3.13740458015267,131
2431,3.13713080168776,474
2432,3.13698630136986,146
1371,3.13636363636364,792
3714,3.13636363636364,66
1334,3.13609467455621,338
2676,3.13533834586466,266
3249,3.13529411764706,340
2694,3.13527180783818,791
586,3.13481481481481,675
2956,3.13475177304965,141
2314,3.13461538461538,104
352,3.13445378151261,119
2325,3.13445378151261,119
1676,3.13327601031814,1163
3810,3.13253012048193,83
207,3.1324200913242,219
565,3.13114754098361,61
2718,3.13054830287206,383
2084,3.12903225806452,93
218,3.12820512820513,195
3399,3.1264367816092,87
3173,3.12629399585921,483
835,3.12621359223301,103
2334,3.12435233160622,386
786,3.12391304347826,460
422,3.12280701754386,57
2724,3.12,650
513,3.11940298507463,67
2478,3.11775043936731,569
31,3.11347517730496,141
328,3.11111111111111,144
2430,3.11111111111111,144
2560,3.11111111111111,171
3917,3.11111111111111,279
2146,3.11079545454545,352
1733,3.10975609756098,82
1457,3.10902255639098,266
2094,3.10869565217391,736
423,3.10859728506787,221
46,3.10843373493976,166
3274,3.10730593607306,438
2297,3.10704225352113,355
2320,3.10695187165775,187
2582,3.10606060606061,66
511,3.10526315789474,152
2035,3.10526315789474,57
3861,3.10373443983402,241
2263,3.10285714285714,175
1541,3.1,240
2942,3.09944751381215,362
691,3.09917355371901,121
801,3.09917355371901,121
1442,3.09859154929577,71
3605,3.09803921568627,51
2613,3.09608540925267,281
1616,3.09367088607595,395
3045,3.09322033898305,118
2247,3.09315068493151,365
3264,3.091796875,512
1866,3.08994708994709,189
1006,3.08974358974359,78
2802,3.08823529411765,306
3869,3.08816705336427,431
707,3.08727272727273,275
724,3.08653846153846,416
1353,3.08510638297872,188
434,3.08454810495627,686
3707,3.08438818565401,237
1588,3.08304498269896,289
426,3.0817843866171,269
2435,3.08080808080808,99
1030,3.07739938080495,323
537,3.07729468599034,207
1687,3.07715133531157,337
1627,3.076,250
2168,3.07594936708861,79
2625,3.07575757575758,66
2663,3.07547169811321,53
89,3.07423580786026,229
118,3.07352941176471,68
2418,3.07272727272727,110
2976,3.07181328545781,557
3725,3.07142857142857,112
2702,3.07088607594937,395
1487,3.0679012345679,162
3791,3.06666666666667,435
3534,3.06534653465347,505
100,3.0625,128
2517,3.06227106227106,273
1191,3.0622009569378,209
2447,3.06015037593985,266
3103,3.05882352941176,68
1856,3.05555555555556,72
203,3.05418719211823,203
1642,3.05405405405405,74
1409,3.05357142857143,392
3497,3.05208333333333,96
3943,3.05208333333333,96
1586,3.05206463195691,557
2485,3.05121951219512,410
2822,3.04942965779468,263
532,3.04884318766067,389
3141,3.04838709677419,62
1367,3.0467032967033,364
1513,3.04635761589404,755
1848,3.04519774011299,177
3477,3.04428044280443,271
1801,3.04347826086957,391
1713,3.04329004329004,231
709,3.04166666666667,144
2533,3.04103671706264,463
1974,3.0410094637224,317
1405,3.04,475
2561,3.0381679389313,131
270,3.0379746835443,79
1320,3.03783783783784,925
1544,3.03665338645418,1255
2975,3.03603603603604,111
1804,3.03361344537815,119
2772,3.03252032520325,246
2540,3.03205128205128,156
2710,3.03152789005659,1237
1422,3.02491103202847,281
2524,3.0187969924812,266
1629,3.01834862385321,109
3489,3.01800554016621,722
3053,3.01759530791789,341
2598,3.01688555347092,533
550,3.01685393258427,178
3,3.01673640167364,478
2741,3.01639344262295,61
2252,3.01612903225806,186
674,3.01554404145078,386
3120,3.01538461538462,130
8,3.01470588235294,68
2877,3.01421800947867,211
3483,3.01190476190476,168
3785,3.01141924959217,613
998,3.01075268817204,93
2615,3.01058201058201,189
2723,3.010550996483,853
2195,3.00740740740741,135
5,3.00675675675676,296
1833,3.00378787878788,264
2699,3.00292611558157,1367
61,3,67
152,3,69
603,3,58
1113,3,50
1330,3,116
3235,3,71
3620,3,50
3752,3,560
2378,2.99757869249395,413
788,2.9957805907173,948
1888,2.99483204134367,387
2060,2.99453551912568,183
2789,2.99393939393939,165
3457,2.99290780141844,141
442,2.9921875,640
2017,2.98765432098765,162
3732,2.98591549295775,71
662,2.984375,128
2316,2.98305084745763,236
2507,2.98148148148148,54
3708,2.9812734082397,267
113,2.9811320754717,53
158,2.98069498069498,259
2792,2.98028673835125,558
804,2.97854077253219,233
2472,2.97849462365591,93
1007,2.97844827586207,232
1377,2.97672162948594,1031
48,2.97643979057592,382
303,2.97607655502392,418
1717,2.97582417582418,455
74,2.975,120
3717,2.97431506849315,584
2095,2.97345132743363,113
1363,2.97321428571429,112
237,2.9727626459144,257
3262,2.96932515337423,163
3672,2.96794871794872,156
2372,2.96638655462185,238
577,2.96363636363636,55
1791,2.9622641509434,53
2752,2.96216216216216,185
1355,2.96103896103896,77
2587,2.96078431372549,102
2513,2.96065573770492,305
1816,2.96039603960396,101
1690,2.9589216944801,779
469,2.95652173913043,69
2829,2.95541401273885,157
504,2.95505617977528,178
2369,2.9547619047619,840
830,2.95254237288136,295
3051,2.95031055900621,161
168,2.95027624309392,362
2796,2.95,240
3428,2.94915254237288,59
1841,2.94736842105263,95
2267,2.94594594594595,74
2417,2.94594594594595,74
2377,2.94535519125683,183
2040,2.9453125,128
2530,2.94520547945205,365
88,2.94270833333333,192
886,2.94230769230769,104
1003,2.94214876033058,121
2120,2.94214876033058,242
2546,2.94082840236686,169
3937,2.94074074074074,135
3491,2.93939393939394,66
1327,2.93802816901408,355
1703,2.93548387096774,62
27,2.9344262295082,61
382,2.93382352941176,272
2054,2.93301435406699,1045
2322,2.93103448275862,290
520,2.93048128342246,374
2374,2.93032786885246,244
569,2.93,100
1911,2.92979127134725,527
1783,2.92727272727273,220
2335,2.92619047619048,420
1603,2.92528735632184,348
1128,2.92352941176471,170
2794,2.92207792207792,385
2652,2.92156862745098,51
204,2.92118226600985,203
3423,2.91891891891892,74
2283,2.91803278688525,61
3544,2.91752577319588,97
248,2.91304347826087,138
407,2.9119170984456,193
1332,2.91176470588235,102
2072,2.91089108910891,303
1894,2.91082802547771,471
1379,2.90785907859079,369
828,2.90740740740741,54
410,2.90712742980562,463
585,2.9066985645933,418
996,2.90625,256
2717,2.90619469026549,565
3156,2.90600522193211,383
1342,2.90458015267176,262
2038,2.9040404040404,198
2787,2.90123456790123,162
1391,2.90037243947858,1074
2840,2.89976133651551,419
370,2.89805825242718,412
2735,2.89760348583878,459
273,2.89754098360656,244
3557,2.89655172413793,116
2356,2.89583333333333,96
1064,2.89473684210526,209
1167,2.8936170212766,94
378,2.89285714285714,140
1806,2.89285714285714,168
2375,2.89234449760766,418
3013,2.89230769230769,65
379,2.88990825688073,436
313,2.88888888888889,54
2771,2.88888888888889,171
3837,2.8876404494382,89
2082,2.88642659279778,361
2148,2.8855421686747,166
3254,2.88452655889146,433
2504,2.88397790055249,181
338,2.88235294117647,221
547,2.87903225806452,124
1647,2.87777777777778,90
95,2.87617554858934,638
3355,2.8758389261745,298
2410,2.87531172069825,401
239,2.875,168
2722,2.87290969899666,598
2266,2.87179487179487,195
512,2.87150837988827,179
516,2.87096774193548,248
3518,2.87037037037037,54
185,2.86994727592267,569
2123,2.86976744186047,215
1600,2.86904761904762,84
2052,2.86885245901639,183
42,2.86877828054299,221
2805,2.86830357142857,448
3697,2.86780715396579,643
1410,2.86666666666667,90
1593,2.8641975308642,162
2505,2.86397058823529,272
719,2.86192468619247,239
3660,2.85987261146497,157
3257,2.8594249201278,626
3590,2.85882352941176,85
1488,2.85763888888889,288
23,2.85714285714286,126
2492,2.85611510791367,139
63,2.85585585585586,111
3326,2.85555555555556,180
76,2.85393258426966,178
2093,2.85144927536232,276
1352,2.85106382978723,94
2327,2.85,100
2328,2.84971098265896,173
2091,2.8494623655914,186
1341,2.84905660377358,53
2362,2.84905660377358,53
2535,2.84873949579832,119
3509,2.84782608695652,92
1581,2.84745762711864,59
2190,2.84615384615385,52
2978,2.84466019417476,103
2532,2.84357541899441,358
259,2.84313725490196,102
1043,2.84259259259259,108
195,2.84146341463415,164
3395,2.83636363636364,55
2497,2.83529411764706,170
2531,2.83333333333333,312
459,2.83216783216783,143
2142,2.83084577114428,201
2429,2.82777777777778,180
879,2.82700421940928,237
3600,2.82644628099174,121
2402,2.82543640897756,401
3834,2.82386363636364,176
196,2.82363636363636,550
575,2.82242990654206,107
366,2.8207171314741,251
3773,2.8187134502924,171
1646,2.81818181818182,88
2961,2.81785714285714,280
1438,2.81619937694704,321
2751,2.81481481481481,54
486,2.8125,64
135,2.81203007518797,133
1920,2.81043956043956,364
1100,2.80714285714286,420
3340,2.80281690140845,71
3918,2.80239520958084,167
2445,2.7972972972973,74
479,2.79699248120301,133
2882,2.79661016949153,118
466,2.79581151832461,573
1091,2.79356568364611,373
725,2.79120879120879,91
3436,2.7890625,128
761,2.78861788617886,123
44,2.78778135048232,311
2154,2.78571428571429,140
3879,2.78472222222222,144
464,2.78240740740741,216
2888,2.78151260504202,119
2354,2.78014184397163,141
1382,2.77952755905512,127
1881,2.77941176470588,68
1667,2.7787610619469,113
2428,2.77777777777778,513
2856,2.77777777777778,90
2364,2.77685950413223,121
609,2.77611940298507,67
2241,2.77519379844961,129
2387,2.7741935483871,217
2656,2.7741935483871,62
3459,2.7741935483871,62
1726,2.77372262773723,137
2034,2.7728813559322,295
2365,2.77205882352941,136
2468,2.77005347593583,374
1432,2.77,100
1021,2.76923076923077,247
3553,2.76829268292683,82
3316,2.7681660899654,289
122,2.7680412371134,194
3584,2.76744186046512,129
1440,2.76543209876543,81
2188,2.76447876447876,259
1746,2.76363636363636,55
3324,2.76315789473684,190
186,2.76303317535545,211
3146,2.76298701298701,308
3208,2.76136363636364,264
3825,2.76119402985075,201
1483,2.75886524822695,141
3758,2.75833333333333,120
2367,2.75728155339806,309
3841,2.75490196078431,306
2793,2.75471698113208,265
1604,2.75384615384615,65
1983,2.75384615384615,195
3258,2.75221238938053,339
2629,2.75,144
1373,2.74877650897227,613
1999,2.74803149606299,127
1609,2.74545454545455,55
2126,2.74545454545455,495
387,2.74509803921569,102
2898,2.74509803921569,102
2558,2.74468085106383,235
2491,2.73913043478261,115
2269,2.73732718894009,217
1762,2.73568281938326,227
3688,2.73451327433628,339
2589,2.734375,64
533,2.73399014778325,203
177,2.73381294964029,139
3273,2.73310225303293,577
157,2.73262032085561,187
330,2.73154362416107,149
2121,2.73061224489796,245
784,2.72987012987013,385
4,2.72941176470588,170
3287,2.72868217054264,129
267,2.72857142857143,140
3484,2.72847682119205,302
1011,2.72592592592593,135
2606,2.72463768115942,207
3387,2.72254335260116,173
1601,2.72,75
1624,2.72,50
3063,2.71942446043165,139
3388,2.71812080536913,298
2279,2.71681415929204,226
2259,2.71641791044776,201
882,2.71186440677966,59
3500,2.71186440677966,177
1598,2.71171171171171,111
3835,2.70786516853933,178
798,2.70588235294118,204
1550,2.70422535211268,71
558,2.7037037037037,135
1991,2.70292887029289,239
3285,2.70212765957447,423
3693,2.6978021978022,182
276,2.69298245614035,228
779,2.69230769230769,52
3864,2.69230769230769,143
2026,2.68944099378882,161
3225,2.68852459016393,122
2107,2.68844221105528,199
1837,2.6875,64
1665,2.685,200
2900,2.6832298136646,161
2616,2.68269230769231,624
3909,2.68115942028985,69
1460,2.68085106382979,94
3438,2.67790262172285,534
2421,2.67714884696017,477
2007,2.67692307692308,65
2169,2.67692307692308,130
640,2.67605633802817,71
1744,2.67532467532468,77
542,2.6747572815534,206
227,2.67441860465116,129
3394,2.67142857142857,210
3431,2.67058823529412,85
2041,2.66896551724138,145
2574,2.66834170854271,199
2399,2.66816143497758,223
3857,2.66666666666667,60
1779,2.66358595194085,541
1004,2.66336633663366,101
2016,2.6605504587156,109
1037,2.66016260162602,615
1605,2.65909090909091,88
9,2.65686274509804,102
2790,2.65573770491803,61
414,2.65555555555556,90
1752,2.65533980582524,206
836,2.65400843881857,237
315,2.65359477124183,153
436,2.65248226950355,141
2389,2.65151515151515,264
256,2.65137614678899,218
3901,2.65094339622642,106
3577,2.65,60
2451,2.64601769911504,113
694,2.64539007092199,141
2411,2.64533333333333,375
544,2.64341085271318,129
153,2.64221364221364,777
1970,2.64179104477612,268
3821,2.64112903225806,248
3764,2.64081632653061,245
1924,2.63453815261044,249
2806,2.63316582914573,199
2042,2.63212435233161,193
765,2.63157894736842,171
1523,2.63157894736842,57
1644,2.63157894736842,475
208,2.63133640552995,651
2521,2.63095238095238,84
3113,2.62943262411348,564
2471,2.6280193236715,414
217,2.625,64
438,2.625,152
881,2.62337662337662,77
3165,2.62295081967213,61
1591,2.62105263157895,475
2667,2.62068965517241,58
673,2.61989342806394,563
639,2.61538461538462,78
327,2.6145251396648,358
487,2.61290322580645,62
445,2.61,100
2597,2.609375,64
2255,2.60759493670886,79
2163,2.60679611650485,206
435,2.60600375234522,533
79,2.60526315789474,114
3177,2.60119047619048,168
424,2.6,75
3743,2.5974025974026,77
2500,2.59663865546218,119
3354,2.59520807061791,793
2088,2.59447983014862,471
2815,2.59409594095941,271
3511,2.59090909090909,66
2264,2.59036144578313,83
455,2.58947368421053,285
842,2.58940397350993,151
1388,2.58918918918919,370
1831,2.58470764617691,667
2862,2.58426966292135,89
3705,2.58421052631579,380
432,2.57908163265306,392
3923,2.57692307692308,104
172,2.5764192139738,458
2385,2.57534246575342,146
990,2.57407407407407,54
1461,2.57407407407407,216
809,2.57142857142857,105
743,2.57009345794393,107
2253,2.56363636363636,440
1468,2.5625,144
818,2.56084656084656,189
840,2.56,50
1515,2.55801104972376,181
2051,2.55445544554455,101
3696,2.55384615384615,65
3385,2.5531914893617,141
1702,2.55298013245033,302
697,2.55294117647059,85
2170,2.55284552845528,123
782,2.55172413793103,145
2147,2.54978354978355,231
1756,2.54901960784314,51
548,2.54744525547445,137
1431,2.54741379310345,232
332,2.54658385093168,161
3840,2.54464285714286,112
637,2.54285714285714,140
2446,2.53968253968254,63
3248,2.53960396039604,202
3766,2.53926701570681,191
2044,2.53846153846154,52
2050,2.53846153846154,104
3826,2.53827160493827,405
20,2.5375,160
275,2.5375,80
1640,2.53571428571429,84
2835,2.53571428571429,56
3833,2.53571428571429,56
2668,2.53479853479853,273
3596,2.53333333333333,60
413,2.53061224489796,245
2408,2.52895752895753,259
3017,2.52884615384615,104
742,2.52873563218391,174
1626,2.51851851851852,81
1590,2.51807228915663,498
528,2.51470588235294,68
2004,2.51344086021505,372
2808,2.512,375
849,2.51076320939335,511
485,2.508,500
420,2.50568181818182,352
305,2.50393700787402,127
3243,2.50170648464164,293
2713,2.50118764845606,421
711,2.5,62
3064,2.5,60
360,2.49606299212598,127
3754,2.49514563106796,206
132,2.49450549450549,91
505,2.49275362318841,69
1592,2.49107142857143,112
2306,2.48888888888889,90
3579,2.48529411764706,68
1887,2.48333333333333,60
3453,2.48314606741573,89
2373,2.48148148148148,189
19,2.48071979434447,389
415,2.4804469273743,179
3004,2.48015873015873,252
1359,2.47747747747748,222
2458,2.47692307692308,130
489,2.47422680412371,97
611,2.47222222222222,216
191,2.46666666666667,75
1526,2.46590909090909,88
209,2.46153846153846,52
166,2.45901639344262,61
15,2.45890410958904,146
3616,2.45652173913043,138
518,2.45637583892617,149
3715,2.45454545454545,88
2027,2.44961240310078,129
2122,2.44635193133047,233
2907,2.44600938967136,213
3646,2.44444444444444,180
2851,2.44360902255639,133
2827,2.44207317073171,328
2733,2.44,50
312,2.4375,112
2092,2.43558282208589,163
1453,2.43243243243243,148
1772,2.4304347826087,230
1655,2.42857142857143,77
416,2.42696629213483,89
1975,2.42690058479532,171
258,2.42361111111111,144
1995,2.42307692307692,182
2902,2.42073170731707,164
3802,2.41776315789474,304
2786,2.41666666666667,72
3889,2.41481481481481,135
2162,2.41242937853107,177
1985,2.41085271317829,129
2473,2.40932642487047,193
612,2.40506329113924,79
1855,2.39814814814815,108
2953,2.39296187683284,341
3709,2.38938053097345,113
2379,2.38666666666667,225
2719,2.38235294117647,476
2296,2.38194444444444,144
2986,2.38133874239351,493
3669,2.38028169014085,71
429,2.37967914438503,187
1005,2.37323943661972,142
3716,2.37313432835821,67
3130,2.3728813559322,118
1126,2.37223974763407,317
427,2.36746987951807,166
2315,2.36734693877551,147
2526,2.36641221374046,131
12,2.3625,160
891,2.36065573770492,183
1456,2.359375,64
2522,2.35443037974684,79
2460,2.35344827586207,116
3048,2.35211267605634,71
355,2.35205992509363,267
2448,2.34920634920635,189
3024,2.34782608695652,161
2404,2.3421926910299,301
92,2.34090909090909,88
3895,2.34042553191489,94
1606,2.3394495412844,109
2642,2.33659491193738,511
1474,2.33561643835616,146
710,2.33333333333333,51
2498,2.33333333333333,123
2950,2.33236994219653,346
3325,2.33125,160
1987,2.32967032967033,91
2906,2.328,250
1882,2.32464929859719,499
1969,2.32116788321168,274
1503,2.31724137931035,145
1869,2.31372549019608,51
2456,2.31338028169014,284
174,2.30864197530864,81
173,2.30851063829787,564
2995,2.30791788856305,341
2868,2.3015873015873,63
444,2.2962962962963,81
3299,2.29545454545455,176
1427,2.29411764705882,51
3692,2.29310344827586,58
829,2.29007633587786,131
3391,2.28125,96
688,2.27699530516432,213
2119,2.27210884353741,147
64,2.26582278481013,79
3432,2.26388888888889,72
1839,2.26086956521739,69
3946,2.26,100
1562,2.25742574257426,606
2053,2.25721784776903,381
3710,2.25405405405405,185
2149,2.25242718446602,103
1971,2.2396694214876,242
160,2.23893805309735,565
1336,2.23636363636364,55
93,2.23595505617978,89
2525,2.23529411764706,153
2392,2.23414634146341,205
3919,2.22988505747126,87
2548,2.22857142857143,105
2549,2.22857142857143,175
606,2.2258064516129,93
473,2.22516556291391,151
234,2.22448979591837,147
540,2.2189349112426,169
2036,2.21875,96
1863,2.21830985915493,142
839,2.21481481481481,135
3286,2.21311475409836,122
1623,2.2109375,128
87,2.21052631578947,76
3661,2.20731707317073,82
2338,2.20338983050847,295
880,2.20061728395062,324
1499,2.20050125313283,399
3180,2.2,70
419,2.19230769230769,156
1750,2.19047619047619,63
3908,2.18478260869565,92
762,2.18456375838926,298
1973,2.18139534883721,215
833,2.17948717948718,78
1681,2.17910447761194,134
1979,2.17857142857143,112
1977,2.17751479289941,169
1445,2.17307692307692,156
2720,2.16621983914209,373
3768,2.16049382716049,81
2701,2.15853658536585,902
1980,2.15384615384615,91
2113,2.15189873417722,79
3031,2.15094339622642,53
3190,2.14906832298137,161
3393,2.13725490196078,51
3238,2.13483146067416,267
3824,2.12820512820513,117
3439,2.12749003984064,251
1986,2.1259842519685,127
405,2.12315270935961,203
2422,2.12237762237762,286
2152,2.11594202898551,69
374,2.11475409836066,183
692,2.11320754716981,106
1992,2.11278195488722,133
2568,2.10747663551402,214
2828,2.10743801652893,121
1326,2.10714285714286,56
3401,2.10619469026549,113
71,2.10416666666667,96
2412,2.1021897810219,274
2450,2.09907834101382,434
1988,2.09803921568627,51
3662,2.09782608695652,92
2461,2.09677419354839,62
1984,2.0952380952381,105
3767,2.08653846153846,104
631,2.08,75
1978,2.07894736842105,114
65,2.06293706293706,143
255,2.06060606060606,66
2514,2.06034482758621,116
2748,2.05109489051095,137
2903,2.05102040816327,98
193,2.05069124423963,217
1862,2.05050505050505,198
437,2.046875,64
3689,2.04255319148936,141
3690,2.04098360655738,122
2380,2.03061224489796,196
737,2.03,300
2965,2.02777777777778,72
3877,2.02197802197802,182
169,2.01769911504425,113
747,2,55
2265,2,83
2153,1.99652777777778,288
1972,1.995,200
126,1.98989898989899,99
1976,1.97989949748744,199
3054,1.97794117647059,136
3774,1.96875,64
2386,1.96610169491525,59
1381,1.96369636963696,303
519,1.94059405940594,202
3392,1.93630573248408,157
502,1.93548387096774,155
2798,1.925,160
3440,1.92021276595745,188
2381,1.91379310344828,174
1993,1.89690721649485,97
2643,1.88855421686747,332
1707,1.87662337662338,154
1731,1.875,64
546,1.87428571428571,350
1760,1.87368421052632,190
1556,1.87193460490463,367
2816,1.86486486486486,148
3663,1.86206896551724,58
393,1.85714285714286,105
3694,1.85483870967742,62
1389,1.85238095238095,210
1981,1.83838383838384,99
2974,1.83582089552239,67
2462,1.83333333333333,54
1996,1.83035714285714,112
102,1.81666666666667,60
3695,1.81132075471698,53
3564,1.8046875,128
2515,1.78846153846154,52
3268,1.78212290502793,179
1998,1.76991150442478,113
2382,1.76666666666667,150
2807,1.75824175824176,91
1595,1.73846153846154,65
3572,1.72727272727273,77
2555,1.70121951219512,164
3041,1.6986301369863,73
2368,1.68965517241379,58
3664,1.68518518518519,54
66,1.67010309278351,97
2383,1.65771812080537,149
1599,1.64179104477612,67
2817,1.64,125
3799,1.62,100
181,1.61290322580645,93
3593,1.61111111111111,342
2818,1.60344827586207,58
2799,1.55555555555556,99
3042,1.55384615384615,65
810,1.46666666666667,120
