"","MovieID","avg_rating","n"
"1",2905,4.60869565217391,69
"2",2019,4.56050955414013,628
"3",318,4.55455770094297,2227
"4",858,4.52496626180837,2223
"5",745,4.52054794520548,657
"6",50,4.5171060011217,1783
"7",527,4.51041666666667,2304
"8",1148,4.50793650793651,882
"9",922,4.49148936170213,470
"10",1198,4.47772474144789,2514
"11",904,4.47619047619048,1050
"12",1178,4.47391304347826,230
"13",260,4.45369441658308,2991
"14",1212,4.45208333333333,480
"15",750,4.44989027066569,1367
"16",720,4.42694063926941,438
"17",1207,4.42564655172414,928
"18",3435,4.41560798548094,551
"19",912,4.41282204913122,1669
"20",670,4.41071428571429,56
"21",2762,4.40626270841806,2459
"22",3030,4.4046511627907,215
"23",1204,4.40192539109507,831
"24",913,4.39597315436242,1043
"25",1193,4.39072463768116,1725
"26",923,4.38888888888889,1116
"27",3307,4.38745387453875,271
"28",1250,4.38699360341151,938
"29",908,4.38403041825095,1315
"30",1262,4.3764367816092,696
"31",3022,4.36893203883495,206
"32",1223,4.3615221987315,473
"33",1221,4.35756501182033,1692
"34",3089,4.35714285714286,252
"35",593,4.35182311869666,2578
"36",326,4.34426229508197,61
"37",3134,4.33939393939394,165
"38",1252,4.33924050632911,1185
"39",2028,4.33735393893705,2653
"40",3429,4.33576642335766,274
"41",1136,4.33520950594121,1599
"42",1267,4.33333333333333,765
"43",2324,4.32986111111111,1152
"44",3470,4.32608695652174,92
"45",1131,4.32407407407407,216
"46",1147,4.32129963898917,277
"47",2731,4.32085561497326,187
"48",1234,4.32030505243089,1049
"49",2858,4.31738623103851,3428
"50",2571,4.31583011583012,2590
"51",1284,4.31238447319778,541
"52",2360,4.30769230769231,117
"53",2186,4.30497925311203,482
"54",1197,4.3037100949094,2318
"55",1233,4.3026973026973,1001
"56",1260,4.30194805194805,308
"57",898,4.30068728522337,582
"58",910,4.30048076923077,832
"59",953,4.29903978052126,729
"60",1203,4.29545454545455,616
"61",930,4.29438202247191,445
"62",1196,4.29297658862876,2990
"63",1254,4.28918322295806,453
"64",2937,4.28846153846154,104
"65",1172,4.28780487804878,615
"66",1224,4.28638497652582,426
"67",2357,4.28372093023256,215
"68",3091,4.28368794326241,141
"69",899,4.28362183754993,751
"70",905,4.2807486631016,374
"71",3469,4.27985074626866,268
"72",296,4.27821280515891,2171
"73",1213,4.27519613759807,1657
"74",3679,4.2741935483871,62
"75",541,4.27333333333333,1800
"76",903,4.27292817679558,905
"77",2203,4.27038626609442,233
"78",1945,4.26974951830443,519
"79",1217,4.26890756302521,357
"80",1272,4.26666666666667,645
"81",1132,4.25909090909091,220
"82",363,4.25806451612903,62
"83",926,4.25558312655087,403
"84",608,4.25467568643056,2513
"85",3634,4.25454545454545,165
"86",1276,4.25376344086022,930
"87",1189,4.25278810408922,269
"88",1225,4.25180897250362,1382
"89",969,4.25165562913907,1057
"90",1278,4.25062866722548,1193
"91",3730,4.24944812362031,453
"92",951,4.24937027707809,397
"93",1299,4.24863387978142,732
"94",919,4.24796274738067,1718
"95",1247,4.24583663758921,1261
"96",678,4.24509803921569,306
"97",1208,4.24319727891156,1176
"98",954,4.2402088772846,383
"99",3468,4.24,450
"100",950,4.23972602739726,292
"101",2804,4.23890532544379,1352
"102",3462,4.23606557377049,305
"103",110,4.23495702005731,2443
"104",2859,4.23430962343096,239
"105",1949,4.23287671232877,219
"106",3801,4.23115577889447,199
"107",1237,4.23076923076923,299
"108",3196,4.22842639593909,394
"109",2925,4.2280701754386,57
"110",306,4.22754491017964,334
"111",556,4.22727272727273,132
"112",3077,4.22727272727273,88
"113",2329,4.2265625,640
"114",3897,4.22635814889336,994
"115",1104,4.22567287784679,483
"116",2692,4.22481343283582,1072
"117",2609,4.22388059701493,67
"118",1617,4.21940559440559,2288
"119",3114,4.21892744479495,1585
"120",1219,4.21852731591449,1263
"121",3683,4.21815286624204,628
"122",916,4.21647058823529,425
"123",1248,4.215953307393,514
"124",1304,4.21564482029598,1419
"125",1361,4.21383647798742,159
"126",1256,4.21043771043771,594
"127",1358,4.20815632965166,1177
"128",2351,4.20720720720721,111
"129",928,4.20466321243523,386
"130",3038,4.2027027027027,74
"131",942,4.20205479452055,292
"132",3789,4.19871794871795,156
"133",1218,4.19672131147541,244
"134",1927,4.19402985074627,268
"135",1242,4.19334532374101,1112
"136",2935,4.19310344827586,145
"137",2920,4.19,100
"138",3629,4.18909090909091,275
"139",1236,4.18888888888889,90
"140",246,4.18854748603352,716
"141",1228,4.18759231905465,677
"142",2208,4.18592964824121,199
"143",111,4.18387096774194,1240
"144",911,4.18300653594771,306
"145",1288,4.17978533094812,1118
"146",1283,4.17866004962779,403
"147",1704,4.17635658914729,1548
"148",1280,4.17328519855596,277
"149",955,4.16949152542373,413
"150",2726,4.16923076923077,130
"151",1269,4.16815476190476,672
"152",1066,4.16571428571429,175
"153",1235,4.16499282639885,697
"154",1900,4.16393442622951,61
"155",2330,4.16304347826087,92
"156",1214,4.15958498023715,2024
"157",3147,4.15466448445172,1222
"158",914,4.15408805031447,636
"159",1240,4.15204957102002,2098
"160",2066,4.15094339622642,106
"161",3035,4.14964370546318,421
"162",3000,4.14782608695652,345
"163",945,4.14741035856574,251
"164",1449,4.14718614718615,462
"165",1,4.14684641309581,2077
"166",1300,4.14545454545455,330
"167",2300,4.14437689969605,658
"168",1230,4.14167916041979,1334
"169",1293,4.14157973174367,671
"170",1253,4.14132379248658,559
"171",3090,4.14124293785311,177
"172",2501,4.13775510204082,588
"173",3265,4.13761467889908,327
"174",2788,4.13747228381375,451
"175",1537,4.13714285714286,350
"176",1089,4.13582208101668,1259
"177",3095,4.13435700575816,521
"178",1201,4.1338199513382,822
"179",1291,4.13329238329238,1628
"180",1950,4.12931034482759,348
"181",1303,4.12903225806452,310
"182",2396,4.12747994934572,2369
"183",909,4.12709832134293,417
"184",1200,4.12582417582418,1820
"185",2997,4.12539045069166,2241
"186",1294,4.12465878070974,1099
"187",1939,4.1228813559322,236
"188",1036,4.1218487394958,1666
"189",2918,4.11744738628649,1473
"190",3949,4.11513157894737,304
"191",1952,4.1131221719457,663
"192",1211,4.11157024793388,242
"193",1222,4.11084529505582,1254
"194",1287,4.11079545454545,704
"195",1263,4.11,700
"196",47,4.10642040457344,1137
"197",947,4.1063829787234,188
"198",293,4.10617551462622,923
"199",3578,4.10602910602911,1924
"200",1251,4.10526315789474,228
"201",1258,4.1048758049678,1087
"202",457,4.10325814536341,1995
"203",3811,4.10277777777778,360
"204",759,4.10169491525424,59
"205",933,4.10158013544018,443
"206",307,4.09876543209877,243
"207",1953,4.09872241579559,861
"208",1199,4.09748083242059,913
"209",1259,4.096918767507,1785
"210",906,4.09625668449198,187
"211",1084,4.09620991253644,686
"212",1944,4.09615384615385,364
"213",1111,4.09574468085106,94
"214",994,4.09555555555556,450
"215",58,4.0938123752495,501
"216",2936,4.09316770186335,161
"217",1266,4.09027081243731,997
"218",1090,4.09011373578303,1143
"219",3088,4.08988764044944,356
"220",1387,4.08956982911019,1697
"221",741,4.08917197452229,314
"222",2607,4.08823529411765,68
"223",2612,4.08823529411765,136
"224",2624,4.08823529411765,102
"225",356,4.08796718322698,2194
"226",599,4.08712121212121,264
"227",3083,4.08629441624366,394
"228",3365,4.08571428571429,245
"229",446,4.08267716535433,254
"230",800,4.08253968253968,630
"231",2010,4.08247422680412,388
"232",3334,4.0824295010846,461
"233",1244,4.08217270194986,718
"234",2927,4.08080808080808,99
"235",3359,4.08076923076923,520
"236",1231,4.08,750
"237",1086,4.07915567282322,379
"238",3741,4.07883817427386,241
"239",1206,4.07811228641172,1229
"240",2959,4.07718814610613,1451
"241",936,4.07575757575758,132
"242",232,4.07514450867052,346
"243",965,4.07509881422925,253
"244",2132,4.07407407407407,297
"245",2064,4.07393483709273,798
"246",3198,4.07384615384615,325
"247",150,4.07354116706635,1251
"248",1307,4.07334183673469,1568
"249",3911,4.07305936073059,657
"250",924,4.06876456876457,1716
"251",1545,4.06849315068493,73
"252",1046,4.06666666666667,90
"253",2067,4.06560283687943,564
"254",162,4.06313645621181,491
"255",29,4.06203473945409,403
"256",3006,4.05882352941176,884
"257",589,4.05851264628162,2649
"258",1947,4.05781865965834,761
"259",213,4.05691056910569,123
"260",2682,4.05681818181818,88
"261",2677,4.05652173913044,230
"262",2966,4.05594405594406,429
"263",28,4.05586592178771,179
"264",1264,4.05447470817121,257
"265",1961,4.05338345864662,1330
"266",1226,4.05309734513274,226
"267",3421,4.05302402651201,1207
"268",1446,4.05291005291005,189
"269",1610,4.05205811138015,1652
"270",3224,4.05194805194805,77
"271",1963,4.0515873015873,252
"272",2973,4.05,460
"273",581,4.04964539007092,141
"274",971,4.0479704797048,271
"275",2761,4.04747774480712,674
"276",3671,4.047363717605,1119
"277",615,4.04477611940298,67
"278",1719,4.04461942257218,381
"279",3037,4.04399323181049,591
"280",3508,4.04383561643836,365
"281",2819,4.04075235109718,319
"282",3341,4.03954802259887,177
"283",3097,4.03883495145631,206
"284",1041,4.0379746835443,474
"285",1942,4.03361344537815,119
"286",3507,4.03341902313625,389
"287",1281,4.03240740740741,216
"288",2917,4.03174603174603,504
"289",1931,4.03111111111111,225
"290",1362,4.03,100
"291",2336,4.02985074626866,938
"292",3783,4.02978723404255,235
"293",1192,4.02857142857143,105
"294",1935,4.02803738317757,107
"295",17,4.02754491017964,835
"296",3363,4.02626262626263,990
"297",3819,4.02448979591837,245
"298",1209,4.02312138728324,173
"299",1210,4.02289281997919,2883
"300",3814,4.02283105022831,219
"301",3467,4.02150537634409,279
"302",1394,4.02092050209205,1434
"303",3504,4.0203488372093,688
"304",2728,4.018779342723,426
"305",1080,4.01835853131749,926
"306",2248,4.01750547045952,914
"307",2972,4.01538461538462,65
"308",3471,4.0144727773949,1451
"309",2908,4.01411764705882,850
"310",3007,4.0135593220339,295
"311",1292,4.01353637901861,591
"312",2313,4.01312910284464,457
"313",1934,4.01298701298701,77
"314",2206,4.01197604790419,167
"315",2940,4.00934579439252,107
"316",2194,4.00798580301686,1127
"317",3498,4.00677966101695,295
"318",1797,4.0059880239521,167
"319",1246,4.00584795321637,855
"320",1245,4.00558659217877,358
"321",1249,4.00545702592087,733
"322",2944,4.004243281471,707
"323",1175,4.00271739130435,368
"324",456,4,93
"325",497,4,667
"326",1238,4,351
"327",1827,4,102
"328",2575,4,141
"329",2670,4,220
"330",3737,4,50
"331",920,3.99740484429066,1156
"332",1296,3.99642857142857,560
"333",1674,3.9961759082218,1046
"334",2951,3.99425287356322,522
"335",1177,3.99319727891156,147
"336",3929,3.99319727891156,147
"337",1348,3.99159663865546,238
"338",1270,3.99032133178475,2583
"339",1956,3.99013806706114,507
"340",1099,3.98969072164948,194
"341",2983,3.98765432098765,81
"342",1023,3.98642533936652,221
"343",3075,3.98550724637681,69
"344",1243,3.98461538461538,325
"345",943,3.98245614035088,171
"346",3735,3.98181818181818,495
"347",3347,3.9811320754717,212
"348",1759,3.98039215686275,51
"349",1077,3.97983870967742,744
"350",2732,3.97972972972973,148
"351",529,3.97777777777778,720
"352",949,3.97674418604651,215
"353",1096,3.97674418604651,344
"354",1960,3.97641509433962,636
"355",927,3.97619047619048,84
"356",1301,3.97587131367292,373
"357",1946,3.97560975609756,205
"358",2648,3.97536945812808,406
"359",940,3.97354497354497,378
"360",1289,3.97252747252747,182
"361",3350,3.97202797202797,143
"362",3152,3.97175141242938,354
"363",3062,3.97159090909091,352
"364",2020,3.97153945666235,773
"365",1079,3.97134238310709,1326
"366",2791,3.97111496244945,1731
"367",2947,3.97101449275362,897
"368",3742,3.97008547008547,234
"369",3362,3.96993464052288,765
"370",1273,3.96575342465753,146
"371",308,3.96534653465347,202
"372",1097,3.96518289995593,2269
"373",915,3.96438356164384,365
"374",3654,3.96414342629482,502
"375",1419,3.96323529411765,136
"376",2289,3.96319018404908,978
"377",3475,3.96268656716418,134
"378",2686,3.9622641509434,583
"379",2398,3.96052631578947,380
"380",778,3.96005326231691,751
"381",3182,3.95967741935484,124
"382",3728,3.95945945945946,148
"383",2970,3.95918367346939,98
"384",41,3.95867768595041,242
"385",1411,3.95811518324607,382
"386",1185,3.95805739514349,453
"387",36,3.95797413793103,928
"388",2932,3.95762711864407,118
"389",3096,3.95698924731183,93
"390",1788,3.95604395604396,91
"391",1997,3.95593220338983,885
"392",2565,3.95430107526882,372
"393",1265,3.95302897278314,2278
"394",3201,3.95264623955432,359
"395",932,3.95238095238095,189
"396",3148,3.9521800281294,711
"397",2594,3.95161290322581,62
"398",1188,3.95118343195266,676
"399",1784,3.9501404494382,1424
"400",3317,3.94959677419355,496
"401",3135,3.94871794871795,195
"402",3379,3.94736842105263,95
"403",223,3.94688385269122,1412
"404",1161,3.9468085106383,94
"405",32,3.94573130377234,1511
"406",2202,3.94366197183099,213
"407",1954,3.94331266607617,1129
"408",1060,3.94147582697201,786
"409",3416,3.94117647058824,51
"410",2871,3.94101508916324,729
"411",3606,3.94082840236686,169
"412",978,3.94,100
"413",1220,3.93959731543624,1341
"414",1834,3.93914807302231,493
"415",3456,3.93846153846154,65
"416",1176,3.93798449612403,129
"417",1274,3.93362831858407,452
"418",2183,3.93296089385475,179
"419",265,3.93264248704663,772
"420",1035,3.93197278911565,882
"421",428,3.93155893536122,263
"422",2268,3.93119698397738,1061
"423",1150,3.93037974683544,158
"424",2599,3.93035479632063,1522
"425",3551,3.93,400
"426",2071,3.92982456140351,171
"427",3481,3.92862345229425,1373
"428",555,3.92857142857143,658
"429",1069,3.92727272727273,110
"430",3364,3.92715231788079,151
"431",3916,3.92448512585812,437
"432",907,3.92380952380952,105
"433",1103,3.9228855721393,402
"434",3543,3.92252681764005,839
"435",1344,3.92243767313019,361
"436",1257,3.92161016949153,472
"437",3019,3.92067307692308,416
"438",2303,3.92,325
"439",3451,3.92,350
"440",3360,3.91864406779661,590
"441",515,3.91777777777778,450
"442",176,3.91707317073171,205
"443",3681,3.91692307692308,325
"444",290,3.91666666666667,168
"445",3668,3.91573033707865,356
"446",590,3.91523087525844,1451
"447",973,3.91463414634146,82
"448",1625,3.91383219954649,882
"449",931,3.9126213592233,206
"450",2664,3.9124203821656,628
"451",2969,3.91208791208791,91
"452",1340,3.91203703703704,216
"453",1302,3.91145833333333,768
"454",2611,3.91095890410959,146
"455",1938,3.90983606557377,122
"456",2924,3.90977443609023,133
"457",3836,3.90933333333333,375
"458",902,3.90828402366864,676
"459",1162,3.90625,96
"460",2716,3.90554791380101,2181
"461",2070,3.90530303030303,264
"462",1282,3.90455991516437,943
"463",1923,3.90444930707513,1371
"464",3246,3.90315789473684,475
"465",2318,3.903125,320
"466",3545,3.90293453724605,443
"467",2467,3.90123456790123,324
"468",475,3.90064102564103,312
"469",2542,3.8976,625
"470",628,3.89690721649485,485
"471",2660,3.8962962962963,135
"472",2176,3.89528795811518,191
"473",2745,3.89519650655022,229
"474",2919,3.89514066496164,391
"475",508,3.89483065953654,561
"476",1028,3.89416419386746,1011
"477",921,3.89403973509934,302
"478",3160,3.89398023360288,1113
"479",319,3.89377289377289,273
"480",3067,3.89235127478754,353
"481",34,3.89149057681325,1751
"482",1940,3.89010989010989,91
"483",2863,3.88996138996139,518
"484",2948,3.88975356679637,771
"485",714,3.88888888888889,153
"486",2285,3.88888888888889,54
"487",2000,3.88690842040565,1627
"488",595,3.88584905660377,1060
"489",1095,3.88441330998249,571
"490",1277,3.88429752066116,363
"491",2921,3.88328075709779,317
"492",2068,3.8828125,128
"493",3079,3.88275862068966,145
"494",1333,3.88267394270123,733
"495",3424,3.8809218950064,781
"496",1374,3.88052486187845,1448
"497",838,3.88023952095808,501
"498",3061,3.88,275
"499",1968,3.87979207277453,1539
"500",3751,3.87960872836719,1329
"501",2359,3.87908961593172,703
"502",6,3.87872340425532,940
"503",1936,3.8780487804878,82
"504",3859,3.8780487804878,82
"505",3521,3.87765957446809,188
"506",1962,3.87730061349693,652
"507",82,3.87640449438202,89
"508",1643,3.87547169811321,265
"509",3405,3.875,144
"510",2352,3.87470167064439,838
"511",2949,3.87461300309598,646
"512",553,3.87341772151899,553
"513",3505,3.87323943661972,355
"514",1641,3.87239366138449,1199
"515",262,3.87209302325581,172
"516",101,3.8695652173913,253
"517",123,3.8695652173913,115
"518",2511,3.86585365853659,82
"519",247,3.86582809224319,477
"520",2729,3.86567164179104,201
"521",3068,3.86543535620053,379
"522",3408,3.8638783269962,1315
"523",1227,3.86307053941909,241
"524",892,3.86184210526316,152
"525",1682,3.86169154228856,1005
"526",1073,3.86138613861386,1313
"527",364,3.86083853702052,1121
"528",334,3.85964912280702,114
"529",2488,3.85882352941176,85
"530",1948,3.85858585858586,198
"531",2662,3.85840707964602,565
"532",2693,3.85714285714286,224
"533",3787,3.85714285714286,63
"534",373,3.85658914728682,258
"535",3342,3.85650224215247,223
"536",3104,3.8562091503268,765
"537",3396,3.85618279569892,744
"538",3044,3.85591766723842,583
"539",2797,3.85580147551979,1491
"540",2739,3.85555555555556,450
"541",3746,3.85507246376812,69
"542",3925,3.85483870967742,124
"543",2580,3.85477178423237,723
"544",2355,3.85437463300059,1703
"545",1649,3.85185185185185,189
"546",3094,3.85148514851485,101
"547",900,3.85131195335277,343
"548",2139,3.85094850948509,369
"549",946,3.85093167701863,161
"550",314,3.85,300
"551",3200,3.84883720930233,172
"552",3178,3.84872298624754,509
"553",3271,3.84756097560976,328
"554",3552,3.84694932781799,967
"555",1275,3.84615384615385,741
"556",594,3.84534731323722,763
"557",1365,3.8448275862069,58
"558",3328,3.84394904458599,314
"559",2138,3.84262295081967,305
"560",2795,3.84153005464481,549
"561",337,3.84126984126984,693
"562",2395,3.84098360655738,1220
"563",1180,3.84,50
"564",3871,3.83934426229508,305
"565",1663,3.83918918918919,740
"566",3210,3.83747178329571,886
"567",3361,3.83744292237443,1095
"568",3733,3.83737024221453,289
"569",1078,3.83602150537634,372
"570",2212,3.8359375,128
"571",3548,3.83576642335766,274
"572",534,3.83566433566434,286
"573",125,3.83333333333333,318
"574",3622,3.83333333333333,84
"575",3872,3.83333333333333,102
"576",2130,3.83223684210526,304
"577",3098,3.83211678832117,548
"578",3060,3.83154121863799,558
"579",2238,3.83116883116883,77
"580",1678,3.82911392405063,474
"581",3039,3.82836710369487,839
"582",2312,3.82779456193353,331
"583",2644,3.82773109243697,238
"584",80,3.82692307692308,52
"585",1261,3.82664233576642,548
"586",3675,3.82656826568266,271
"587",1913,3.82634730538922,167
"588",1734,3.82587064676617,201
"589",3499,3.82579185520362,884
"590",474,3.82510288065844,972
"591",2442,3.825,160
"592",1354,3.82397003745318,267
"593",866,3.82342657342657,572
"594",2971,3.82334384858044,317
"595",2137,3.82293762575453,497
"596",1748,3.82265446224256,874
"597",538,3.82222222222222,315
"598",2757,3.82222222222222,135
"599",1050,3.82191780821918,146
"600",549,3.82165605095541,157
"601",2502,3.82110091743119,872
"602",3793,3.82064857710126,1511
"603",2204,3.82022471910112,89
"604",3910,3.82,200
"605",2160,3.8188202247191,712
"606",3069,3.81818181818182,55
"607",535,3.81727574750831,301
"608",73,3.81696428571429,224
"609",2078,3.81626506024096,664
"610",1285,3.81569115815691,803
"611",302,3.81395348837209,86
"612",1500,3.81338028169014,1136
"613",1408,3.81333333333333,975
"614",2333,3.81314878892734,578
"615",2872,3.81266846361186,742
"616",199,3.81196581196581,117
"617",3366,3.81132075471698,265
"618",440,3.81118143459916,948
"619",2295,3.81081081081081,74
"620",1914,3.80913978494624,372
"621",3788,3.80894308943089,246
"622",1964,3.80794701986755,302
"623",2890,3.80705190989226,1021
"624",1357,3.80656934306569,548
"625",215,3.80625,160
"626",1271,3.80607082630691,593
"627",345,3.80597014925373,469
"628",3159,3.80573951434879,453
"629",1941,3.80530973451327,113
"630",2080,3.80439814814815,864
"631",1215,3.8042328042328,945
"632",1184,3.8021978021978,91
"633",1635,3.80078895463511,507
"634",3384,3.80072463768116,276
"635",562,3.79916317991632,478
"636",2310,3.79850746268657,134
"637",1912,3.79735682819383,908
"638",1957,3.79652996845426,634
"639",1955,3.79646017699115,452
"640",1466,3.79554937413074,719
"641",944,3.79381443298969,97
"642",11,3.79380445304937,1033
"643",918,3.79365079365079,189
"644",1305,3.79338842975207,121
"645",16,3.79325513196481,682
"646",3296,3.79310344827586,203
"647",3549,3.79230769230769,260
"648",3547,3.79220779220779,77
"649",3653,3.79194630872483,149
"650",1921,3.79119086460033,613
"651",1680,3.79094827586207,464
"652",3310,3.79032258064516,62
"653",1179,3.78870056497175,885
"654",588,3.78830495928942,1351
"655",3074,3.78828828828829,222
"656",3072,3.78716904276986,982
"657",1929,3.78571428571429,84
"658",2069,3.78571428571429,140
"659",2288,3.78542510121457,741
"660",929,3.78494623655914,93
"661",2302,3.78453038674033,1086
"662",2943,3.78125,160
"663",3952,3.78092783505155,388
"664",3105,3.78088235294118,680
"665",3655,3.78,50
"666",1125,3.77922077922078,385
"667",1085,3.77862595419847,131
"668",1594,3.7785016286645,307
"669",1639,3.77846790890269,966
"670",2946,3.77319587628866,291
"671",3175,3.77141203703704,1728
"672",3168,3.77113402061856,485
"673",1673,3.76950354609929,1128
"674",3526,3.76942046855734,811
"675",531,3.76923076923077,338
"676",2401,3.76923076923077,312
"677",3289,3.76923076923077,52
"678",1584,3.7684515195369,1382
"679",3357,3.76699029126214,103
"680",3516,3.76651982378855,227
"681",728,3.76497695852535,217
"682",2721,3.76470588235294,85
"683",3071,3.76452599388379,327
"684",480,3.76384730538922,2672
"685",2076,3.76299694189602,654
"686",3028,3.76258992805755,139
"687",1683,3.76146788990826,218
"688",2654,3.76119402985075,134
"689",539,3.7606490872211,986
"690",1873,3.76061776061776,259
"691",2700,3.76044129235619,1269
"692",3330,3.75925925925926,108
"693",1393,3.75905395417591,1353
"694",300,3.75886524822695,705
"695",3510,3.75883069427527,821
"696",249,3.75862068965517,261
"697",3822,3.75714285714286,70
"698",2081,3.75652173913043,1035
"699",3100,3.75601926163724,623
"700",194,3.75586854460094,213
"701",1022,3.75563258232236,577
"702",3678,3.75555555555556,90
"703",3613,3.75531914893617,94
"704",3386,3.75529100529101,756
"705",897,3.75510204081633,98
"706",321,3.75409836065574,61
"707",948,3.75384615384615,130
"708",3406,3.75238095238095,105
"709",1321,3.75227686703097,549
"710",2391,3.75167785234899,745
"711",596,3.75100401606426,498
"712",1845,3.75083056478405,301
"713",190,3.75,100
"714",3256,3.75,1052
"715",3747,3.75,148
"716",3932,3.75,232
"717",3536,3.74846625766871,489
"718",2967,3.74803149606299,127
"719",2243,3.74778200253485,789
"720",1279,3.74742268041237,194
"721",2725,3.74736842105263,95
"722",2952,3.74731182795699,186
"723",2922,3.74688796680498,241
"724",3753,3.74516129032258,1240
"725",357,3.74371451743715,1233
"726",2109,3.7434554973822,573
"727",3034,3.74344023323615,343
"728",483,3.74324324324324,74
"729",1907,3.74285714285714,490
"730",2239,3.74226804123711,97
"731",959,3.74137931034483,58
"732",3713,3.74117647058824,85
"733",1124,3.74074074074074,405
"734",2075,3.74074074074074,81
"735",1580,3.73995271867612,2538
"736",1392,3.73972602739726,219
"737",2018,3.73853989813243,589
"738",1732,3.7383773928897,1097
"739",2669,3.73831775700935,107
"740",2852,3.73780487804878,164
"741",3494,3.7375,320
"742",3397,3.73743016759777,358
"743",2347,3.73684210526316,95
"744",1171,3.73493975903614,415
"745",3448,3.73382624768946,1082
"746",1094,3.73148901545972,1229
"747",1937,3.73015873015873,63
"748",3260,3.72916666666667,480
"749",3723,3.72862453531599,269
"750",1396,3.72777268560953,1091
"751",1730,3.72727272727273,176
"752",2150,3.72661870503597,695
"753",154,3.72619047619048,168
"754",349,3.7261567516525,1059
"755",1694,3.72611464968153,471
"756",272,3.72584856396867,383
"757",3008,3.72549019607843,51
"758",94,3.72527472527473,182
"759",1684,3.72413793103448,58
"760",161,3.72368421052632,760
"761",3936,3.72321428571429,112
"762",733,3.72313432835821,1340
"763",3447,3.72222222222222,72
"764",3546,3.7219730941704,223
"765",3487,3.72058823529412,68
"766",3831,3.72043010752688,186
"767",2117,3.71942446043165,278
"768",492,3.71940298507463,335
"769",1693,3.71794871794872,351
"770",3724,3.71794871794872,195
"771",551,3.71787148594378,996
"772",2276,3.71428571428571,70
"773",2125,3.71394230769231,416
"774",3420,3.71356783919598,199
"775",3252,3.71351351351351,555
"776",1982,3.71343873517787,506
"777",322,3.71291866028708,209
"778",3052,3.71284125379171,989
"779",2529,3.71256454388985,1162
"780",3920,3.71212121212121,66
"781",3181,3.71165644171779,163
"782",1653,3.71123491179201,1077
"783",2144,3.71070931849791,719
"784",1517,3.7103734439834,1205
"785",2096,3.71037181996086,511
"786",2706,3.70986321094312,1389
"787",3076,3.70967741935484,93
"788",3727,3.70945945945946,148
"789",1356,3.70916030534351,1310
"790",1297,3.70814479638009,442
"791",2108,3.70666666666667,825
"792",2993,3.70544554455446,404
"793",941,3.7047619047619,105
"794",1012,3.70431893687708,301
"795",3163,3.70394736842105,304
"796",2210,3.7037037037037,54
"797",3188,3.7037037037037,54
"798",1019,3.70260869565217,575
"799",2118,3.70247933884298,363
"800",1484,3.70161290322581,124
"801",3129,3.70138888888889,288
"802",1082,3.7012987012987,154
"803",3066,3.70103092783505,194
"804",2690,3.7,390
"805",3111,3.69953051643192,213
"806",348,3.6989010989011,455
"807",2750,3.69824561403509,285
"808",1032,3.69714285714286,525
"809",3093,3.69711538461538,208
"810",3852,3.69711538461538,208
"811",2321,3.69689119170984,1158
"812",235,3.69687162891046,927
"813",62,3.69685767097967,541
"814",2857,3.69674185463659,399
"815",3604,3.69672131147541,122
"816",893,3.69565217391304,69
"817",3244,3.69565217391304,322
"818",1951,3.69483568075117,213
"819",2968,3.69405940594059,1010
"820",441,3.69362363919129,643
"821",1885,3.69243421052632,608
"822",2696,3.69135802469136,81
"823",431,3.69105691056911,369
"824",2390,3.69090909090909,330
"825",3682,3.69047619047619,210
"826",1729,3.68922651933702,724
"827",2406,3.68921933085502,1345
"828",2171,3.68877551020408,196
"829",2866,3.68844221105528,199
"830",1029,3.68838028169014,568
"831",2114,3.6875,256
"832",3267,3.68737060041408,483
"833",2353,3.68724696356275,988
"834",1101,3.68613861386139,1010
"835",1994,3.68427672955975,795
"836",803,3.68421052631579,57
"837",1127,3.68396501457726,1715
"838",3150,3.68333333333333,60
"839",3576,3.6830985915493,284
"840",1965,3.68308921438083,751
"841",2916,3.68236472945892,1996
"842",3358,3.68161434977578,446
"843",3868,3.68063583815029,692
"844",3512,3.68061674008811,454
"845",3418,3.6803105151729,1417
"846",671,3.67982456140351,456
"847",2987,3.67982212340189,1799
"848",3255,3.67970882620564,1099
"849",2912,3.67932489451477,474
"850",982,3.67901234567901,81
"851",3203,3.67806841046278,497
"852",342,3.67760617760618,518
"853",2115,3.67613132209405,1127
"854",917,3.67532467532468,77
"855",509,3.67434210526316,608
"856",3703,3.67408123791103,1034
"857",3479,3.67343173431734,542
"858",968,3.67132867132867,715
"859",2029,3.67105263157895,76
"860",1343,3.67103347889374,687
"861",206,3.67073170731707,82
"862",3101,3.66957605985037,802
"863",3873,3.66785714285714,280
"864",2073,3.66666666666667,66
"865",3230,3.66666666666667,78
"866",3241,3.66666666666667,57
"867",3720,3.66666666666667,87
"868",3950,3.66666666666667,54
"869",3461,3.6657223796034,353
"870",2687,3.66515837104072,442
"871",3538,3.66477272727273,176
"872",299,3.66433566433566,143
"873",3702,3.66416510318949,1066
"874",2178,3.66315789473684,95
"875",2671,3.66282051282051,780
"876",449,3.66197183098592,71
"877",3204,3.66176470588235,204
"878",1633,3.66165413533835,266
"879",2087,3.65993265993266,594
"880",1187,3.65986394557823,147
"881",523,3.65811965811966,117
"882",934,3.65789473684211,304
"883",1376,3.6563055062167,1126
"884",2366,3.65608465608466,756
"885",3266,3.65584415584416,154
"886",69,3.6551724137931,319
"887",1216,3.6551724137931,87
"888",3624,3.65486725663717,791
"889",1516,3.65384615384615,52
"890",3527,3.6538164996145,1297
"891",1959,3.65335463258786,626
"892",2621,3.65217391304348,69
"893",3658,3.65217391304348,69
"894",2140,3.65211267605634,710
"895",3078,3.65161290322581,155
"896",25,3.65102040816327,980
"897",1397,3.65079365079365,63
"898",3368,3.65079365079365,63
"899",1758,3.65,100
"900",261,3.64912280701754,285
"901",30,3.64864864864865,74
"902",281,3.6480686695279,233
"903",2437,3.64705882352941,85
"904",1966,3.64646464646465,198
"905",1034,3.64497041420118,169
"906",901,3.64367816091954,174
"907",3102,3.64344262295082,244
"908",3189,3.64333333333333,300
"909",2763,3.64187327823691,1089
"910",597,3.6414913957935,1046
"911",1298,3.64082687338501,387
"912",1527,3.64052287581699,1377
"913",52,3.64037122969838,431
"914",2915,3.63967136150235,852
"915",388,3.63917525773196,97
"916",2988,3.63888888888889,108
"917",1967,3.63718411552347,554
"918",3948,3.63573085846868,862
"919",1232,3.63461538461538,52
"920",72,3.63440860215054,93
"921",380,3.63428571428571,1400
"922",613,3.63414634146341,82
"923",935,3.63380281690141,71
"924",2434,3.63333333333333,60
"925",117,3.63291139240506,79
"926",3167,3.63253012048193,166
"927",3556,3.63109756097561,328
"928",3599,3.63106796116505,103
"929",471,3.63105175292154,599
"930",3639,3.62906724511931,461
"931",3108,3.62645502645503,945
"932",2841,3.62628336755647,487
"933",3480,3.6258064516129,155
"934",21,3.62389380530973,1356
"935",1350,3.62347188264059,409
"936",635,3.62337662337662,77
"937",39,3.62334801762115,1362
"938",1615,3.62114537444934,227
"939",2425,3.62068965517241,58
"940",938,3.62032085561497,187
"941",2779,3.62028985507246,345
"942",3275,3.6195652173913,92
"943",2596,3.61870503597122,139
"944",1081,3.61751152073733,434
"945",3153,3.61627906976744,258
"946",524,3.61554621848739,476
"947",715,3.61538461538462,52
"948",2941,3.61428571428571,280
"949",1186,3.61387900355872,562
"950",233,3.61276595744681,235
"951",205,3.61176470588235,85
"952",1202,3.61111111111111,72
"953",2439,3.61111111111111,198
"954",1025,3.61092150170648,293
"955",2349,3.61077844311377,167
"956",3011,3.61073825503356,149
"957",1183,3.60970677451972,989
"958",425,3.60952380952381,105
"959",2236,3.60891089108911,202
"960",2231,3.60869565217391,345
"961",2583,3.60851063829787,235
"962",2058,3.60826032540676,799
"963",1958,3.60754716981132,530
"964",493,3.60738255033557,298
"965",2083,3.60687022900763,262
"966",501,3.6063829787234,94
"967",3635,3.60574948665298,487
"968",2161,3.60515021459227,699
"969",1345,3.60493827160494,567
"970",986,3.60344827586207,232
"971",627,3.60330578512397,121
"972",1306,3.60294117647059,136
"973",952,3.60223048327138,269
"974",2495,3.60204081632653,98
"975",2099,3.60180995475113,221
"976",592,3.60097833682739,1431
"977",3253,3.60089285714286,1120
"978",448,3.60087719298246,228
"979",2764,3.6,280
"980",2065,3.59916492693111,479
"981",2184,3.59863945578231,147
"982",2570,3.59803921568627,102
"983",2085,3.59646017699115,565
"984",1414,3.5952380952381,168
"985",2443,3.5952380952381,126
"986",2371,3.59432387312187,599
"987",3844,3.59313725490196,408
"988",2291,3.59266802443992,1473
"989",3685,3.59266055045872,545
"990",2991,3.59241706161137,422
"991",1290,3.59130434782609,230
"992",3823,3.59090909090909,66
"993",2870,3.59067357512953,193
"994",2301,3.59029649595687,371
"995",2436,3.59016393442623,122
"996",805,3.59011627906977,344
"997",3417,3.58904109589041,73
"998",151,3.5884476534296,554
"999",2423,3.58834951456311,515
"1000",1608,3.58828996282528,1076
"1001",1017,3.58695652173913,276
"1002",1286,3.5859649122807,285
"1003",3700,3.58536585365854,246
"1004",1721,3.58344113842173,1546
"1005",1120,3.58333333333333,456
"1006",2182,3.58163265306122,98
"1007",3927,3.58045977011494,348
"1008",3086,3.58024691358025,81
"1009",3476,3.57871064467766,667
"1010",1380,3.57772337821297,817
"1011",1407,3.57562076749436,886
"1012",963,3.57407407407407,54
"1013",2403,3.57178841309824,397
"1014",2394,3.57167530224525,579
"1015",976,3.57142857142857,56
"1016",3304,3.57142857142857,56
"1017",3726,3.57142857142857,98
"1018",280,3.57075471698113,212
"1019",3763,3.57061340941512,701
"1020",1672,3.57009345794393,321
"1021",766,3.57,100
"1022",171,3.56989247311828,93
"1023",1660,3.56983240223464,179
"1024",2174,3.56789297658863,1495
"1025",2181,3.56779661016949,118
"1026",1295,3.56766917293233,266
"1027",164,3.56728232189974,379
"1028",522,3.56626506024096,83
"1029",2273,3.56618819776715,627
"1030",2820,3.56603773584906,53
"1031",1013,3.56589147286822,258
"1032",377,3.56545454545455,1650
"1033",2173,3.56363636363636,110
"1034",1337,3.5625,64
"1035",2006,3.56154628687691,983
"1036",165,3.56121212121212,825
"1037",156,3.56060606060606,66
"1038",3213,3.56034482758621,232
"1039",412,3.5593220338983,295
"1040",1057,3.55839416058394,274
"1041",1810,3.55807365439094,353
"1042",3812,3.55789473684211,285
"1043",1865,3.55555555555556,54
"1044",3792,3.55555555555556,72
"1045",3372,3.55357142857143,56
"1046",647,3.55328798185941,441
"1047",2348,3.55263157894737,304
"1048",1061,3.55080213903743,374
"1049",2730,3.55029585798817,169
"1050",141,3.54985337243402,682
"1051",2883,3.54873646209386,277
"1052",3466,3.54794520547945,219
"1053",180,3.54767184035477,451
"1054",454,3.54733009708738,824
"1055",222,3.54711246200608,329
"1056",2899,3.54700854700855,117
"1057",610,3.54692556634304,618
"1058",3501,3.54646840148699,269
"1059",2001,3.54500494559842,1011
"1060",14,3.54248366013072,153
"1061",390,3.54237288135593,59
"1062",1542,3.54201680672269,238
"1063",1092,3.54194407456724,751
"1064",1370,3.54185022026432,1135
"1065",147,3.5414364640884,181
"1066",10,3.54054054054054,888
"1067",3032,3.54017857142857,224
"1068",1056,3.54,50
"1069",3555,3.53964757709251,908
"1070",2499,3.53846153846154,52
"1071",2407,3.53777335984095,1006
"1072",2037,3.53703703703704,54
"1073",2633,3.53703703703704,162
"1074",2640,3.53682487725041,1222
"1075",514,3.53179190751445,346
"1076",2022,3.53149606299213,254
"1077",1083,3.53048780487805,164
"1078",3118,3.53030303030303,66
"1079",26,3.53,100
"1080",3327,3.52985074626866,134
"1081",482,3.52840909090909,176
"1082",2278,3.5272952853598,806
"1083",269,3.52727272727273,55
"1084",104,3.52639296187683,682
"1085",346,3.525,120
"1086",253,3.52439024390244,738
"1087",368,3.52369077306733,802
"1088",991,3.52352941176471,170
"1089",507,3.52272727272727,308
"1090",2874,3.52238805970149,67
"1091",2166,3.52083333333333,144
"1092",2282,3.51898734177215,316
"1093",2009,3.51895734597156,422
"1094",3081,3.51688555347092,1066
"1095",2801,3.51648351648352,91
"1096",3211,3.51515151515152,66
"1097",3125,3.515,200
"1098",2774,3.51470588235294,68
"1099",2370,3.51408450704225,142
"1100",1870,3.51388888888889,72
"1101",3169,3.51383399209486,253
"1102",861,3.51282051282051,273
"1103",3915,3.51181102362205,127
"1104",3502,3.51136363636364,88
"1105",780,3.51040462427746,1730
"1106",2240,3.50840336134454,238
"1107",1190,3.50757575757576,132
"1108",1401,3.50617283950617,162
"1109",2490,3.50582147477361,773
"1110",1916,3.50564971751412,354
"1111",2707,3.50473186119874,634
"1112",2782,3.50467289719626,107
"1113",3398,3.50439882697947,341
"1114",1897,3.50375939849624,133
"1115",3176,3.50338091660406,1331
"1116",1688,3.50328947368421,304
"1117",1699,3.50322580645161,155
"1118",2550,3.50273224043716,183
"1119",3893,3.50268336314848,559
"1120",333,3.50243902439024,410
"1121",2989,3.50117647058824,425
"1122",229,3.5,108
"1123",242,3.5,80
"1124",1485,3.5,666
"1125",1670,3.5,82
"1126",2939,3.5,52
"1127",3903,3.5,52
"1128",339,3.49925705794948,673
"1129",2005,3.49720670391061,716
"1130",802,3.49648711943794,427
"1131",587,3.49644128113879,1124
"1132",2193,3.49625935162095,802
"1133",2048,3.49618320610687,131
"1134",851,3.49606299212598,127
"1135",3046,3.49411764705882,85
"1136",2077,3.49350649350649,154
"1137",1909,3.4929718875502,996
"1138",1465,3.49206349206349,126
"1139",2891,3.49189189189189,185
"1140",506,3.49122807017544,114
"1141",2753,3.49122807017544,57
"1142",3734,3.49122807017544,57
"1143",316,3.49014336917563,1116
"1144",1777,3.48954895489549,909
"1145",1747,3.48952590959206,907
"1146",2112,3.48843930635838,346
"1147",2097,3.48826291079812,213
"1148",1476,3.48697394789579,499
"1149",1904,3.48672566371681,113
"1150",1268,3.48580441640379,317
"1151",1347,3.48558758314856,451
"1152",417,3.48557692307692,208
"1153",1535,3.48543689320388,103
"1154",3174,3.48512585812357,874
"1155",1047,3.48387096774194,434
"1156",2294,3.48372093023256,645
"1157",3261,3.48251748251748,429
"1158",3760,3.48196721311475,305
"1159",1042,3.48106060606061,528
"1160",1031,3.47962382445141,319
"1161",2159,3.47945205479452,219
"1162",832,3.47872340425532,564
"1163",3087,3.47868217054264,516
"1164",785,3.47843137254902,765
"1165",1554,3.47826086956522,138
"1166",3186,3.47795823665893,431
"1167",175,3.47727272727273,220
"1168",2167,3.47713226205192,809
"1169",837,3.47706422018349,218
"1170",3627,3.47663551401869,107
"1171",1194,3.47641509433962,212
"1172",3018,3.4758064516129,248
"1173",2929,3.47441860465116,215
"1174",1648,3.47422680412371,194
"1175",2090,3.47389558232932,249
"1176",2518,3.47278911564626,294
"1177",3947,3.47272727272727,55
"1178",650,3.47191011235955,89
"1179",3529,3.47096774193548,155
"1180",3770,3.47041420118343,338
"1181",2528,3.46964856230032,626
"1182",2232,3.46781115879828,233
"1183",3676,3.46733668341709,199
"1184",477,3.46666666666667,195
"1185",2046,3.46641791044776,536
"1186",1129,3.46493212669683,884
"1187",661,3.4647619047619,525
"1188",2879,3.46341463414634,164
"1189",3633,3.46175637393768,353
"1190",3699,3.46127167630058,865
"1191",2463,3.46105263157895,475
"1192",2474,3.46064139941691,343
"1193",99,3.46,50
"1194",3298,3.45932203389831,590
"1195",2880,3.45833333333333,72
"1196",3598,3.45810055865922,179
"1197",163,3.45740740740741,540
"1198",2738,3.45569620253165,79
"1199",2272,3.45535714285714,112
"1200",2013,3.45498392282958,622
"1201",2045,3.45454545454545,55
"1202",3503,3.45454545454545,143
"1203",3738,3.45454545454545,77
"1204",3554,3.45378151260504,119
"1205",230,3.45272206303725,349
"1206",2015,3.45263157894737,380
"1207",3020,3.45229007633588,524
"1208",3404,3.45205479452055,219
"1209",2985,3.45158665581774,1229
"1210",3128,3.45098039215686,51
"1211",68,3.45,60
"1212",1033,3.44947735191638,287
"1213",43,3.44578313253012,166
"1214",574,3.44571428571429,175
"1215",1805,3.44568690095847,626
"1216",353,3.44550408719346,734
"1217",1441,3.44490644490645,481
"1218",112,3.44385964912281,570
"1219",1722,3.44199535962877,862
"1220",3928,3.44174757281553,206
"1221",3107,3.44073647871116,869
"1222",2455,3.44070961718021,1071
"1223",2287,3.43928571428571,280
"1224",848,3.43589743589744,156
"1225",1645,3.43583535108959,826
"1226",3643,3.43564356435644,101
"1227",2736,3.43555555555556,225
"1228",2889,3.43554006968641,287
"1229",1883,3.43524096385542,664
"1230",2867,3.43464052287582,306
"1231",708,3.43446244477172,679
"1232",648,3.43287491814014,1527
"1233",2280,3.432,125
"1234",896,3.43137254901961,51
"1235",3550,3.43125,160
"1236",2100,3.43078245915735,1163
"1237",1794,3.43046357615894,151
"1238",3370,3.43023255813953,86
"1239",2996,3.42857142857143,133
"1240",2141,3.42821782178218,404
"1241",1619,3.42817679558011,362
"1242",1569,3.42804878048781,820
"1243",3524,3.42696629213483,534
"1244",2470,3.4265350877193,912
"1245",266,3.42553191489362,705
"1246",45,3.42463235294118,544
"1247",2134,3.42352941176471,510
"1248",1922,3.42307692307692,52
"1249",2344,3.4228855721393,201
"1250",2572,3.42285714285714,700
"1251",2665,3.42253521126761,71
"1252",361,3.42164179104478,268
"1253",2527,3.42138364779874,636
"1254",1587,3.42132867132867,572
"1255",1518,3.42090395480226,354
"1256",500,3.4200477326969,838
"1257",1051,3.41836734693878,98
"1258",1378,3.41814946619217,562
"1259",2420,3.41784989858012,493
"1260",2311,3.41702127659574,470
"1261",663,3.41666666666667,264
"1262",3628,3.41584158415842,101
"1263",1701,3.41549295774648,284
"1264",3450,3.41532756489493,809
"1265",3155,3.41441441441441,333
"1266",3729,3.41441441441441,222
"1267",2245,3.41439688715953,514
"1268",3740,3.41438356164384,584
"1269",155,3.41379310344828,87
"1270",3179,3.41333333333333,225
"1271",1799,3.4131455399061,213
"1272",3185,3.41206030150754,398
"1273",7,3.41048034934498,458
"1274",2628,3.40977777777778,2250
"1275",1372,3.40959040959041,1001
"1276",3795,3.40909090909091,66
"1277",3591,3.40764331210191,628
"1278",1255,3.40740740740741,54
"1279",1093,3.40735294117647,680
"1280",1597,3.40567200986436,811
"1281",3608,3.40534262485482,861
"1282",1014,3.40441176470588,136
"1283",57,3.4040404040404,99
"1284",3706,3.40401785714286,448
"1285",1875,3.40243902439024,164
"1286",85,3.4020618556701,194
"1287",3250,3.40163934426229,366
"1288",1573,3.40112596762843,1421
"1289",1059,3.40083507306889,479
"1290",3422,3.4,210
"1291",2427,3.39850560398506,803
"1292",3809,3.39779681762546,817
"1293",3771,3.39735099337748,151
"1294",2539,3.39448051948052,616
"1295",86,3.39406779661017,236
"1296",144,3.39260969976905,433
"1297",350,3.39223300970874,515
"1298",964,3.3921568627451,51
"1299",224,3.39119170984456,386
"1300",2414,3.39050131926121,379
"1301",3055,3.39024390243902,82
"1302",1785,3.38888888888889,180
"1303",2683,3.3884239888424,1434
"1304",3070,3.38788870703764,611
"1305",1754,3.38659793814433,388
"1306",2102,3.38578680203046,197
"1307",3142,3.38461538461538,130
"1308",3769,3.38421052631579,190
"1309",543,3.3841642228739,682
"1310",3827,3.38284518828452,478
"1311",2457,3.38223938223938,259
"1312",3745,3.38130841121495,535
"1313",1840,3.38125,160
"1314",481,3.38095238095238,294
"1315",1205,3.38095238095238,231
"1316",2424,3.38066825775656,838
"1317",3251,3.3804347826087,276
"1318",1413,3.38,50
"1319",3082,3.37935034802784,862
"1320",3301,3.37873754152824,602
"1321",781,3.37864077669903,103
"1322",3571,3.37795275590551,127
"1323",988,3.3768115942029,69
"1324",329,3.37676767676768,990
"1325",3005,3.3765625,640
"1326",2165,3.37614678899083,109
"1327",3015,3.375,144
"1328",3684,3.37430167597765,358
"1329",3790,3.37254901960784,51
"1330",3566,3.37171052631579,304
"1331",1892,3.3715710723192,401
"1332",3112,3.37142857142857,70
"1333",3412,3.37142857142857,175
"1334",3618,3.37127371273713,369
"1335",268,3.37037037037037,54
"1336",3259,3.3697270471464,403
"1337",521,3.36752136752137,117
"1338",2846,3.36746987951807,166
"1339",2145,3.36652236652237,693
"1340",2275,3.36619718309859,71
"1341",1824,3.36538461538462,104
"1342",3506,3.36526946107784,167
"1343",362,3.36401673640167,239
"1344",2496,3.36388888888889,360
"1345",421,3.36170212765957,94
"1346",2661,3.36170212765957,94
"1347",3926,3.36111111111111,180
"1348",2885,3.36065573770492,61
"1349",1589,3.35975609756098,492
"1350",2433,3.35947712418301,612
"1351",680,3.359375,64
"1352",3145,3.35907335907336,259
"1353",2734,3.35836909871245,466
"1354",2454,3.35833333333333,480
"1355",1459,3.35789473684211,380
"1356",1241,3.35714285714286,70
"1357",735,3.35643564356436,101
"1358",2553,3.35616438356164,219
"1359",2021,3.35614702154626,789
"1360",2105,3.35567010309278,970
"1361",1375,3.35382955771305,927
"1362",616,3.35251798561151,278
"1363",1464,3.35172413793103,145
"1364",1611,3.35169491525424,236
"1365",3217,3.35164835164835,91
"1366",3755,3.35143139190523,1013
"1367",2759,3.35116279069767,430
"1368",2926,3.35056179775281,445
"1369",2622,3.34939759036145,415
"1370",22,3.34920634920635,378
"1371",799,3.3491124260355,338
"1372",1173,3.34848484848485,198
"1373",2393,3.34820322180917,807
"1374",3513,3.34761904761905,420
"1375",3199,3.34722222222222,72
"1376",3519,3.34673366834171,199
"1377",2476,3.34666666666667,300
"1378",494,3.34615384615385,416
"1379",1015,3.34615384615385,234
"1380",1884,3.34563758389262,298
"1381",2023,3.34496124031008,774
"1382",2025,3.34389140271493,221
"1383",1339,3.34375,672
"1384",2011,3.34369602763385,1158
"1385",2506,3.34355828220859,163
"1386",2645,3.34313725490196,102
"1387",351,3.34241245136187,257
"1388",289,3.34177215189873,158
"1389",3430,3.34090909090909,220
"1390",2057,3.34065934065934,91
"1391",1650,3.34,50
"1392",2104,3.33962264150943,53
"1393",3302,3.33962264150943,53
"1394",3375,3.33846153846154,65
"1395",3427,3.33783783783784,74
"1396",2928,3.33766233766234,77
"1397",18,3.3375796178344,157
"1398",1620,3.33670886075949,395
"1399",3798,3.33477321814255,463
"1400",1482,3.33333333333333,63
"1401",2116,3.33333333333333,438
"1402",2746,3.33226495726496,936
"1403",3478,3.33082706766917,266
"1404",1008,3.3298969072165,97
"1405",3214,3.3298969072165,97
"1406",2261,3.32919254658385,161
"1407",3914,3.32857142857143,70
"1408",1049,3.32815964523282,451
"1409",2180,3.32758620689655,58
"1410",1612,3.32727272727273,55
"1411",1395,3.32542372881356,295
"1412",490,3.32432432432432,185
"1413",700,3.32413793103448,145
"1414",2649,3.32307692307692,65
"1415",2617,3.32174776564052,1007
"1416",408,3.31944444444444,72
"1417",2363,3.31893687707641,301
"1418",3896,3.31843575418994,179
"1419",2024,3.31756756756757,148
"1420",491,3.31603773584906,212
"1421",2155,3.31460674157303,267
"1422",35,3.31428571428571,70
"1423",465,3.31428571428571,105
"1424",605,3.3141592920354,226
"1425",2747,3.31179775280899,356
"1426",1088,3.31149927219796,687
"1427",3718,3.31147540983607,61
"1428",1836,3.31111111111111,135
"1429",3040,3.31111111111111,315
"1430",369,3.31034482758621,58
"1431",1654,3.31034482758621,87
"1432",1054,3.30864197530864,81
"1433",2346,3.30666666666667,300
"1434",1429,3.30639730639731,297
"1435",3194,3.30454545454545,220
"1436",236,3.30368098159509,326
"1437",3197,3.30278884462151,251
"1438",3594,3.3021978021978,182
"1439",3117,3.3013698630137,73
"1440",3300,3.30073800738007,542
"1441",2475,3.3,140
"1442",2106,3.2972972972973,185
"1443",198,3.29586776859504,605
"1444",145,3.29558011049724,362
"1445",2836,3.29447852760736,163
"1446",1425,3.29166666666667,168
"1447",2657,3.2911597729116,1233
"1448",3425,3.29113924050633,79
"1449",2551,3.29100529100529,189
"1450",2384,3.2906309751434,523
"1451",1835,3.2896174863388,366
"1452",2271,3.28947368421053,76
"1453",3813,3.28915662650602,83
"1454",3270,3.285,200
"1455",159,3.28448275862069,116
"1456",3033,3.28364849833148,899
"1457",2059,3.28358208955224,268
"1458",999,3.28321678321678,286
"1459",1621,3.28235294117647,85
"1460",2290,3.28099173553719,121
"1461",3794,3.28099173553719,121
"1462",450,3.28070175438596,228
"1463",1614,3.2803738317757,428
"1464",1566,3.27931769722814,469
"1465",1480,3.27924528301887,265
"1466",461,3.27906976744186,86
"1467",367,3.27905004240882,1179
"1468",1943,3.27868852459016,61
"1469",2469,3.27667984189723,506
"1470",458,3.27586206896552,87
"1471",3441,3.27578947368421,475
"1472",2133,3.27541589648799,541
"1473",2803,3.27456647398844,346
"1474",340,3.27380952380952,84
"1475",3029,3.27368421052632,190
"1476",3807,3.27358490566038,106
"1477",3882,3.27350427350427,234
"1478",3409,3.2723311546841,459
"1479",2043,3.27215189873418,158
"1480",468,3.27142857142857,350
"1481",2143,3.27042253521127,355
"1482",764,3.27027027027027,74
"1483",252,3.26975476839237,367
"1484",1385,3.26898047722343,461
"1485",292,3.268758526603,733
"1486",1010,3.26859504132231,242
"1487",2003,3.2680412371134,776
"1488",2376,3.26769230769231,325
"1489",1858,3.26744186046512,172
"1490",3617,3.2673031026253,419
"1491",3565,3.26714801444043,277
"1492",383,3.26666666666667,270
"1493",1552,3.26624737945493,954
"1494",2110,3.26430517711172,367
"1495",13,3.26262626262626,99
"1496",2770,3.2620320855615,935
"1497",3863,3.26139817629179,658
"1498",3619,3.26086956521739,92
"1499",381,3.260663507109,211
"1500",78,3.26,50
"1501",3414,3.26,50
"1502",1130,3.25974025974026,231
"1503",3806,3.25862068965517,58
"1504",2860,3.2578125,128
"1505",2875,3.25773195876289,291
"1506",2600,3.25609756097561,410
"1507",3930,3.25560538116592,223
"1508",1416,3.25531914893617,282
"1509",3219,3.25503355704698,447
"1510",2002,3.25436408977556,802
"1511",3686,3.25423728813559,413
"1512",1711,3.2531847133758,628
"1513",2340,3.25290697674419,344
"1514",2714,3.25287356321839,87
"1515",1018,3.2520325203252,123
"1516",1428,3.25,52
"1517",2453,3.25,176
"1518",3786,3.25,184
"1519",2413,3.24830699774266,443
"1520",3206,3.24812030075188,133
"1521",2634,3.24731182795699,93
"1522",1024,3.24603174603175,126
"1523",376,3.24571428571429,350
"1524",3744,3.24228028503563,421
"1525",2012,3.24216027874564,1148
"1526",580,3.24193548387097,62
"1527",2361,3.24050632911392,158
"1528",552,3.24007561436673,529
"1529",1020,3.23979591836735,392
"1530",1895,3.23856209150327,306
"1531",187,3.23809523809524,105
"1532",3099,3.23809523809524,273
"1533",3784,3.23636363636364,165
"1534",105,3.23255813953488,387
"1535",3127,3.23214285714286,56
"1536",3865,3.2312925170068,147
"1537",3712,3.23013698630137,365
"1538",3036,3.22988505747126,174
"1539",2519,3.22916666666667,96
"1540",1727,3.22857142857143,210
"1541",257,3.2280701754386,114
"1542",2111,3.2275641025641,312
"1543",653,3.22549019607843,612
"1544",3444,3.22522522522523,222
"1545",3701,3.22420634920635,504
"1546",453,3.22388059701493,67
"1547",2331,3.22346368715084,179
"1548",282,3.22325581395349,215
"1549",783,3.22307692307692,390
"1550",2459,3.22267206477733,247
"1551",2541,3.22182468694097,559
"1552",852,3.22113821138211,615
"1553",188,3.22105263157895,190
"1554",2769,3.22077922077922,77
"1555",3496,3.22033898305085,59
"1556",3614,3.21955719557196,542
"1557",3535,3.21904761904762,630
"1558",3109,3.21875,64
"1559",2749,3.2183908045977,87
"1560",1016,3.21794871794872,156
"1561",3615,3.21739130434783,345
"1562",2177,3.21686746987952,83
"1563",60,3.21288515406162,357
"1564",2337,3.20634920634921,126
"1565",2784,3.20634920634921,63
"1566",3272,3.2046783625731,171
"1567",467,3.2037037037037,54
"1568",3269,3.20335429769392,477
"1569",2901,3.2030303030303,330
"1570",2419,3.20289855072464,69
"1571",2639,3.20245398773006,163
"1572",1753,3.2020202020202,198
"1573",2567,3.20198675496689,302
"1574",1399,3.20192307692308,104
"1575",2135,3.20168067226891,238
"1576",1735,3.20152091254753,263
"1577",2,3.20114122681883,701
"1578",2712,3.2010582010582,945
"1579",2881,3.20101781170483,786
"1580",2062,3.2,70
"1581",2990,3.2,385
"1582",3698,3.1986301369863,730
"1583",1390,3.19834710743802,121
"1584",3308,3.19727891156463,294
"1585",1479,3.19715808170515,563
"1586",3138,3.1969696969697,66
"1587",2089,3.19665271966527,239
"1588",3623,3.1957349581112,1313
"1589",3426,3.1953488372093,215
"1590",1821,3.19431279620853,211
"1591",3445,3.19424460431655,139
"1592",1661,3.19318181818182,88
"1593",2249,3.19246861924686,239
"1594",231,3.19242424242424,660
"1595",2647,3.19230769230769,52
"1596",1917,3.19189189189189,1110
"1597",317,3.19188767550702,641
"1598",3638,3.19171779141104,652
"1599",1398,3.19047619047619,63
"1600",2672,3.18925831202046,391
"1601",1135,3.18918918918919,407
"1602",3263,3.18890554722639,667
"1603",3515,3.1875,192
"1604",1009,3.18556701030928,291
"1605",1366,3.18518518518519,108
"1606",1346,3.18390804597701,174
"1607",216,3.1830985915493,355
"1608",2780,3.18292682926829,82
"1609",277,3.18235294117647,170
"1610",2844,3.18072289156627,83
"1611",1331,3.18,50
"1612",24,3.17948717948718,624
"1613",371,3.17924528301887,212
"1614",354,3.17910447761194,67
"1615",695,3.17777777777778,135
"1616",2014,3.17777777777778,180
"1617",2409,3.17752808988764,445
"1618",2709,3.17672413793103,232
"1619",2554,3.17647058823529,136
"1620",517,3.17539267015707,382
"1621",2781,3.17460317460317,63
"1622",736,3.17387387387387,1110
"1623",225,3.17322834645669,254
"1624",1658,3.17241379310345,116
"1625",1919,3.17241379310345,116
"1626",1792,3.171875,448
"1627",2151,3.171875,128
"1628",358,3.17021276595745,141
"1629",3649,3.16949152542373,295
"1630",2124,3.16946778711485,714
"1631",365,3.16901408450704,71
"1632",2605,3.16859716859717,777
"1633",2581,3.16826923076923,624
"1634",3247,3.16816816816817,666
"1635",806,3.16666666666667,60
"1636",1582,3.16666666666667,60
"1637",1876,3.16648044692737,895
"1638",3704,3.16620498614958,722
"1639",140,3.16546762589928,139
"1640",2033,3.165,200
"1641",2641,3.16430260047281,846
"1642",536,3.16363636363636,55
"1643",3115,3.16363636363636,110
"1644",2405,3.16344725111441,673
"1645",1027,3.16279069767442,344
"1646",81,3.16265060240964,166
"1647",3514,3.16129032258065,62
"1648",3858,3.15942028985507,69
"1649",3016,3.15883668903803,447
"1650",2826,3.15866666666667,750
"1651",1454,3.15853658536585,82
"1652",70,3.15645514223195,914
"1653",2262,3.15644171779141,326
"1654",1686,3.15596330275229,109
"1655",3528,3.15576323987539,321
"1656",1689,3.1547619047619,252
"1657",372,3.15420560747664,428
"1658",2861,3.15254237288136,354
"1659",748,3.15107913669065,417
"1660",451,3.15094339622642,106
"1661",3157,3.15,520
"1662",2416,3.14971751412429,354
"1663",344,3.14882506527415,766
"1664",2136,3.14864864864865,222
"1665",107,3.1484375,256
"1666",1475,3.14814814814815,81
"1667",170,3.14641744548287,321
"1668",2651,3.14634146341463,82
"1669",2520,3.14525139664804,179
"1670",2250,3.14516129032258,62
"1671",3846,3.14492753623188,138
"1672",1404,3.14473684210526,76
"1673",2098,3.14473684210526,76
"1674",288,3.14428571428571,700
"1675",271,3.14285714285714,63
"1676",3452,3.14199395770393,331
"1677",2688,3.14182344428365,691
"1678",1918,3.14050822122571,669
"1679",3525,3.13888888888889,360
"1680",1769,3.13793103448276,319
"1681",1498,3.13740458015267,131
"1682",2431,3.13713080168776,474
"1683",2432,3.13698630136986,146
"1684",1371,3.13636363636364,792
"1685",3714,3.13636363636364,66
"1686",1334,3.13609467455621,338
"1687",2676,3.13533834586466,266
"1688",3249,3.13529411764706,340
"1689",2694,3.13527180783818,791
"1690",586,3.13481481481481,675
"1691",2956,3.13475177304965,141
"1692",2314,3.13461538461538,104
"1693",352,3.13445378151261,119
"1694",2325,3.13445378151261,119
"1695",1676,3.13327601031814,1163
"1696",3810,3.13253012048193,83
"1697",207,3.1324200913242,219
"1698",565,3.13114754098361,61
"1699",2718,3.13054830287206,383
"1700",2084,3.12903225806452,93
"1701",218,3.12820512820513,195
"1702",3399,3.1264367816092,87
"1703",3173,3.12629399585921,483
"1704",835,3.12621359223301,103
"1705",2334,3.12435233160622,386
"1706",786,3.12391304347826,460
"1707",422,3.12280701754386,57
"1708",2724,3.12,650
"1709",513,3.11940298507463,67
"1710",2478,3.11775043936731,569
"1711",31,3.11347517730496,141
"1712",328,3.11111111111111,144
"1713",2430,3.11111111111111,144
"1714",2560,3.11111111111111,171
"1715",3917,3.11111111111111,279
"1716",2146,3.11079545454545,352
"1717",1733,3.10975609756098,82
"1718",1457,3.10902255639098,266
"1719",2094,3.10869565217391,736
"1720",423,3.10859728506787,221
"1721",46,3.10843373493976,166
"1722",3274,3.10730593607306,438
"1723",2297,3.10704225352113,355
"1724",2320,3.10695187165775,187
"1725",2582,3.10606060606061,66
"1726",511,3.10526315789474,152
"1727",2035,3.10526315789474,57
"1728",3861,3.10373443983402,241
"1729",2263,3.10285714285714,175
"1730",1541,3.1,240
"1731",2942,3.09944751381215,362
"1732",691,3.09917355371901,121
"1733",801,3.09917355371901,121
"1734",1442,3.09859154929577,71
"1735",3605,3.09803921568627,51
"1736",2613,3.09608540925267,281
"1737",1616,3.09367088607595,395
"1738",3045,3.09322033898305,118
"1739",2247,3.09315068493151,365
"1740",3264,3.091796875,512
"1741",1866,3.08994708994709,189
"1742",1006,3.08974358974359,78
"1743",2802,3.08823529411765,306
"1744",3869,3.08816705336427,431
"1745",707,3.08727272727273,275
"1746",724,3.08653846153846,416
"1747",1353,3.08510638297872,188
"1748",434,3.08454810495627,686
"1749",3707,3.08438818565401,237
"1750",1588,3.08304498269896,289
"1751",426,3.0817843866171,269
"1752",2435,3.08080808080808,99
"1753",1030,3.07739938080495,323
"1754",537,3.07729468599034,207
"1755",1687,3.07715133531157,337
"1756",1627,3.076,250
"1757",2168,3.07594936708861,79
"1758",2625,3.07575757575758,66
"1759",2663,3.07547169811321,53
"1760",89,3.07423580786026,229
"1761",118,3.07352941176471,68
"1762",2418,3.07272727272727,110
"1763",2976,3.07181328545781,557
"1764",3725,3.07142857142857,112
"1765",2702,3.07088607594937,395
"1766",1487,3.0679012345679,162
"1767",3791,3.06666666666667,435
"1768",3534,3.06534653465347,505
"1769",100,3.0625,128
"1770",2517,3.06227106227106,273
"1771",1191,3.0622009569378,209
"1772",2447,3.06015037593985,266
"1773",3103,3.05882352941176,68
"1774",1856,3.05555555555556,72
"1775",203,3.05418719211823,203
"1776",1642,3.05405405405405,74
"1777",1409,3.05357142857143,392
"1778",3497,3.05208333333333,96
"1779",3943,3.05208333333333,96
"1780",1586,3.05206463195691,557
"1781",2485,3.05121951219512,410
"1782",2822,3.04942965779468,263
"1783",532,3.04884318766067,389
"1784",3141,3.04838709677419,62
"1785",1367,3.0467032967033,364
"1786",1513,3.04635761589404,755
"1787",1848,3.04519774011299,177
"1788",3477,3.04428044280443,271
"1789",1801,3.04347826086957,391
"1790",1713,3.04329004329004,231
"1791",709,3.04166666666667,144
"1792",2533,3.04103671706264,463
"1793",1974,3.0410094637224,317
"1794",1405,3.04,475
"1795",2561,3.0381679389313,131
"1796",270,3.0379746835443,79
"1797",1320,3.03783783783784,925
"1798",1544,3.03665338645418,1255
"1799",2975,3.03603603603604,111
"1800",1804,3.03361344537815,119
"1801",2772,3.03252032520325,246
"1802",2540,3.03205128205128,156
"1803",2710,3.03152789005659,1237
"1804",1422,3.02491103202847,281
"1805",2524,3.0187969924812,266
"1806",1629,3.01834862385321,109
"1807",3489,3.01800554016621,722
"1808",3053,3.01759530791789,341
"1809",2598,3.01688555347092,533
"1810",550,3.01685393258427,178
"1811",3,3.01673640167364,478
"1812",2741,3.01639344262295,61
"1813",2252,3.01612903225806,186
"1814",674,3.01554404145078,386
"1815",3120,3.01538461538462,130
"1816",8,3.01470588235294,68
"1817",2877,3.01421800947867,211
"1818",3483,3.01190476190476,168
"1819",3785,3.01141924959217,613
"1820",998,3.01075268817204,93
"1821",2615,3.01058201058201,189
"1822",2723,3.010550996483,853
"1823",2195,3.00740740740741,135
"1824",5,3.00675675675676,296
"1825",1833,3.00378787878788,264
"1826",2699,3.00292611558157,1367
"1827",61,3,67
"1828",152,3,69
"1829",603,3,58
"1830",1113,3,50
"1831",1330,3,116
"1832",3235,3,71
"1833",3620,3,50
"1834",3752,3,560
"1835",2378,2.99757869249395,413
"1836",788,2.9957805907173,948
"1837",1888,2.99483204134367,387
"1838",2060,2.99453551912568,183
"1839",2789,2.99393939393939,165
"1840",3457,2.99290780141844,141
"1841",442,2.9921875,640
"1842",2017,2.98765432098765,162
"1843",3732,2.98591549295775,71
"1844",662,2.984375,128
"1845",2316,2.98305084745763,236
"1846",2507,2.98148148148148,54
"1847",3708,2.9812734082397,267
"1848",113,2.9811320754717,53
"1849",158,2.98069498069498,259
"1850",2792,2.98028673835125,558
"1851",804,2.97854077253219,233
"1852",2472,2.97849462365591,93
"1853",1007,2.97844827586207,232
"1854",1377,2.97672162948594,1031
"1855",48,2.97643979057592,382
"1856",303,2.97607655502392,418
"1857",1717,2.97582417582418,455
"1858",74,2.975,120
"1859",3717,2.97431506849315,584
"1860",2095,2.97345132743363,113
"1861",1363,2.97321428571429,112
"1862",237,2.9727626459144,257
"1863",3262,2.96932515337423,163
"1864",3672,2.96794871794872,156
"1865",2372,2.96638655462185,238
"1866",577,2.96363636363636,55
"1867",1791,2.9622641509434,53
"1868",2752,2.96216216216216,185
"1869",1355,2.96103896103896,77
"1870",2587,2.96078431372549,102
"1871",2513,2.96065573770492,305
"1872",1816,2.96039603960396,101
"1873",1690,2.9589216944801,779
"1874",469,2.95652173913043,69
"1875",2829,2.95541401273885,157
"1876",504,2.95505617977528,178
"1877",2369,2.9547619047619,840
"1878",830,2.95254237288136,295
"1879",3051,2.95031055900621,161
"1880",168,2.95027624309392,362
"1881",2796,2.95,240
"1882",3428,2.94915254237288,59
"1883",1841,2.94736842105263,95
"1884",2267,2.94594594594595,74
"1885",2417,2.94594594594595,74
"1886",2377,2.94535519125683,183
"1887",2040,2.9453125,128
"1888",2530,2.94520547945205,365
"1889",88,2.94270833333333,192
"1890",886,2.94230769230769,104
"1891",1003,2.94214876033058,121
"1892",2120,2.94214876033058,242
"1893",2546,2.94082840236686,169
"1894",3937,2.94074074074074,135
"1895",3491,2.93939393939394,66
"1896",1327,2.93802816901408,355
"1897",1703,2.93548387096774,62
"1898",27,2.9344262295082,61
"1899",382,2.93382352941176,272
"1900",2054,2.93301435406699,1045
"1901",2322,2.93103448275862,290
"1902",520,2.93048128342246,374
"1903",2374,2.93032786885246,244
"1904",569,2.93,100
"1905",1911,2.92979127134725,527
"1906",1783,2.92727272727273,220
"1907",2335,2.92619047619048,420
"1908",1603,2.92528735632184,348
"1909",1128,2.92352941176471,170
"1910",2794,2.92207792207792,385
"1911",2652,2.92156862745098,51
"1912",204,2.92118226600985,203
"1913",3423,2.91891891891892,74
"1914",2283,2.91803278688525,61
"1915",3544,2.91752577319588,97
"1916",248,2.91304347826087,138
"1917",407,2.9119170984456,193
"1918",1332,2.91176470588235,102
"1919",2072,2.91089108910891,303
"1920",1894,2.91082802547771,471
"1921",1379,2.90785907859079,369
"1922",828,2.90740740740741,54
"1923",410,2.90712742980562,463
"1924",585,2.9066985645933,418
"1925",996,2.90625,256
"1926",2717,2.90619469026549,565
"1927",3156,2.90600522193211,383
"1928",1342,2.90458015267176,262
"1929",2038,2.9040404040404,198
"1930",2787,2.90123456790123,162
"1931",1391,2.90037243947858,1074
"1932",2840,2.89976133651551,419
"1933",370,2.89805825242718,412
"1934",2735,2.89760348583878,459
"1935",273,2.89754098360656,244
"1936",3557,2.89655172413793,116
"1937",2356,2.89583333333333,96
"1938",1064,2.89473684210526,209
"1939",1167,2.8936170212766,94
"1940",378,2.89285714285714,140
"1941",1806,2.89285714285714,168
"1942",2375,2.89234449760766,418
"1943",3013,2.89230769230769,65
"1944",379,2.88990825688073,436
"1945",313,2.88888888888889,54
"1946",2771,2.88888888888889,171
"1947",3837,2.8876404494382,89
"1948",2082,2.88642659279778,361
"1949",2148,2.8855421686747,166
"1950",3254,2.88452655889146,433
"1951",2504,2.88397790055249,181
"1952",338,2.88235294117647,221
"1953",547,2.87903225806452,124
"1954",1647,2.87777777777778,90
"1955",95,2.87617554858934,638
"1956",3355,2.8758389261745,298
"1957",2410,2.87531172069825,401
"1958",239,2.875,168
"1959",2722,2.87290969899666,598
"1960",2266,2.87179487179487,195
"1961",512,2.87150837988827,179
"1962",516,2.87096774193548,248
"1963",3518,2.87037037037037,54
"1964",185,2.86994727592267,569
"1965",2123,2.86976744186047,215
"1966",1600,2.86904761904762,84
"1967",2052,2.86885245901639,183
"1968",42,2.86877828054299,221
"1969",2805,2.86830357142857,448
"1970",3697,2.86780715396579,643
"1971",1410,2.86666666666667,90
"1972",1593,2.8641975308642,162
"1973",2505,2.86397058823529,272
"1974",719,2.86192468619247,239
"1975",3660,2.85987261146497,157
"1976",3257,2.8594249201278,626
"1977",3590,2.85882352941176,85
"1978",1488,2.85763888888889,288
"1979",23,2.85714285714286,126
"1980",2492,2.85611510791367,139
"1981",63,2.85585585585586,111
"1982",3326,2.85555555555556,180
"1983",76,2.85393258426966,178
"1984",2093,2.85144927536232,276
"1985",1352,2.85106382978723,94
"1986",2327,2.85,100
"1987",2328,2.84971098265896,173
"1988",2091,2.8494623655914,186
"1989",1341,2.84905660377358,53
"1990",2362,2.84905660377358,53
"1991",2535,2.84873949579832,119
"1992",3509,2.84782608695652,92
"1993",1581,2.84745762711864,59
"1994",2190,2.84615384615385,52
"1995",2978,2.84466019417476,103
"1996",2532,2.84357541899441,358
"1997",259,2.84313725490196,102
"1998",1043,2.84259259259259,108
"1999",195,2.84146341463415,164
"2000",3395,2.83636363636364,55
"2001",2497,2.83529411764706,170
"2002",2531,2.83333333333333,312
"2003",459,2.83216783216783,143
"2004",2142,2.83084577114428,201
"2005",2429,2.82777777777778,180
"2006",879,2.82700421940928,237
"2007",3600,2.82644628099174,121
"2008",2402,2.82543640897756,401
"2009",3834,2.82386363636364,176
"2010",196,2.82363636363636,550
"2011",575,2.82242990654206,107
"2012",366,2.8207171314741,251
"2013",3773,2.8187134502924,171
"2014",1646,2.81818181818182,88
"2015",2961,2.81785714285714,280
"2016",1438,2.81619937694704,321
"2017",2751,2.81481481481481,54
"2018",486,2.8125,64
"2019",135,2.81203007518797,133
"2020",1920,2.81043956043956,364
"2021",1100,2.80714285714286,420
"2022",3340,2.80281690140845,71
"2023",3918,2.80239520958084,167
"2024",2445,2.7972972972973,74
"2025",479,2.79699248120301,133
"2026",2882,2.79661016949153,118
"2027",466,2.79581151832461,573
"2028",1091,2.79356568364611,373
"2029",725,2.79120879120879,91
"2030",3436,2.7890625,128
"2031",761,2.78861788617886,123
"2032",44,2.78778135048232,311
"2033",2154,2.78571428571429,140
"2034",3879,2.78472222222222,144
"2035",464,2.78240740740741,216
"2036",2888,2.78151260504202,119
"2037",2354,2.78014184397163,141
"2038",1382,2.77952755905512,127
"2039",1881,2.77941176470588,68
"2040",1667,2.7787610619469,113
"2041",2428,2.77777777777778,513
"2042",2856,2.77777777777778,90
"2043",2364,2.77685950413223,121
"2044",609,2.77611940298507,67
"2045",2241,2.77519379844961,129
"2046",2387,2.7741935483871,217
"2047",2656,2.7741935483871,62
"2048",3459,2.7741935483871,62
"2049",1726,2.77372262773723,137
"2050",2034,2.7728813559322,295
"2051",2365,2.77205882352941,136
"2052",2468,2.77005347593583,374
"2053",1432,2.77,100
"2054",1021,2.76923076923077,247
"2055",3553,2.76829268292683,82
"2056",3316,2.7681660899654,289
"2057",122,2.7680412371134,194
"2058",3584,2.76744186046512,129
"2059",1440,2.76543209876543,81
"2060",2188,2.76447876447876,259
"2061",1746,2.76363636363636,55
"2062",3324,2.76315789473684,190
"2063",186,2.76303317535545,211
"2064",3146,2.76298701298701,308
"2065",3208,2.76136363636364,264
"2066",3825,2.76119402985075,201
"2067",1483,2.75886524822695,141
"2068",3758,2.75833333333333,120
"2069",2367,2.75728155339806,309
"2070",3841,2.75490196078431,306
"2071",2793,2.75471698113208,265
"2072",1604,2.75384615384615,65
"2073",1983,2.75384615384615,195
"2074",3258,2.75221238938053,339
"2075",2629,2.75,144
"2076",1373,2.74877650897227,613
"2077",1999,2.74803149606299,127
"2078",1609,2.74545454545455,55
"2079",2126,2.74545454545455,495
"2080",387,2.74509803921569,102
"2081",2898,2.74509803921569,102
"2082",2558,2.74468085106383,235
"2083",2491,2.73913043478261,115
"2084",2269,2.73732718894009,217
"2085",1762,2.73568281938326,227
"2086",3688,2.73451327433628,339
"2087",2589,2.734375,64
"2088",533,2.73399014778325,203
"2089",177,2.73381294964029,139
"2090",3273,2.73310225303293,577
"2091",157,2.73262032085561,187
"2092",330,2.73154362416107,149
"2093",2121,2.73061224489796,245
"2094",784,2.72987012987013,385
"2095",4,2.72941176470588,170
"2096",3287,2.72868217054264,129
"2097",267,2.72857142857143,140
"2098",3484,2.72847682119205,302
"2099",1011,2.72592592592593,135
"2100",2606,2.72463768115942,207
"2101",3387,2.72254335260116,173
"2102",1601,2.72,75
"2103",1624,2.72,50
"2104",3063,2.71942446043165,139
"2105",3388,2.71812080536913,298
"2106",2279,2.71681415929204,226
"2107",2259,2.71641791044776,201
"2108",882,2.71186440677966,59
"2109",3500,2.71186440677966,177
"2110",1598,2.71171171171171,111
"2111",3835,2.70786516853933,178
"2112",798,2.70588235294118,204
"2113",1550,2.70422535211268,71
"2114",558,2.7037037037037,135
"2115",1991,2.70292887029289,239
"2116",3285,2.70212765957447,423
"2117",3693,2.6978021978022,182
"2118",276,2.69298245614035,228
"2119",779,2.69230769230769,52
"2120",3864,2.69230769230769,143
"2121",2026,2.68944099378882,161
"2122",3225,2.68852459016393,122
"2123",2107,2.68844221105528,199
"2124",1837,2.6875,64
"2125",1665,2.685,200
"2126",2900,2.6832298136646,161
"2127",2616,2.68269230769231,624
"2128",3909,2.68115942028985,69
"2129",1460,2.68085106382979,94
"2130",3438,2.67790262172285,534
"2131",2421,2.67714884696017,477
"2132",2007,2.67692307692308,65
"2133",2169,2.67692307692308,130
"2134",640,2.67605633802817,71
"2135",1744,2.67532467532468,77
"2136",542,2.6747572815534,206
"2137",227,2.67441860465116,129
"2138",3394,2.67142857142857,210
"2139",3431,2.67058823529412,85
"2140",2041,2.66896551724138,145
"2141",2574,2.66834170854271,199
"2142",2399,2.66816143497758,223
"2143",3857,2.66666666666667,60
"2144",1779,2.66358595194085,541
"2145",1004,2.66336633663366,101
"2146",2016,2.6605504587156,109
"2147",1037,2.66016260162602,615
"2148",1605,2.65909090909091,88
"2149",9,2.65686274509804,102
"2150",2790,2.65573770491803,61
"2151",414,2.65555555555556,90
"2152",1752,2.65533980582524,206
"2153",836,2.65400843881857,237
"2154",315,2.65359477124183,153
"2155",436,2.65248226950355,141
"2156",2389,2.65151515151515,264
"2157",256,2.65137614678899,218
"2158",3901,2.65094339622642,106
"2159",3577,2.65,60
"2160",2451,2.64601769911504,113
"2161",694,2.64539007092199,141
"2162",2411,2.64533333333333,375
"2163",544,2.64341085271318,129
"2164",153,2.64221364221364,777
"2165",1970,2.64179104477612,268
"2166",3821,2.64112903225806,248
"2167",3764,2.64081632653061,245
"2168",1924,2.63453815261044,249
"2169",2806,2.63316582914573,199
"2170",2042,2.63212435233161,193
"2171",765,2.63157894736842,171
"2172",1523,2.63157894736842,57
"2173",1644,2.63157894736842,475
"2174",208,2.63133640552995,651
"2175",2521,2.63095238095238,84
"2176",3113,2.62943262411348,564
"2177",2471,2.6280193236715,414
"2178",217,2.625,64
"2179",438,2.625,152
"2180",881,2.62337662337662,77
"2181",3165,2.62295081967213,61
"2182",1591,2.62105263157895,475
"2183",2667,2.62068965517241,58
"2184",673,2.61989342806394,563
"2185",639,2.61538461538462,78
"2186",327,2.6145251396648,358
"2187",487,2.61290322580645,62
"2188",445,2.61,100
"2189",2597,2.609375,64
"2190",2255,2.60759493670886,79
"2191",2163,2.60679611650485,206
"2192",435,2.60600375234522,533
"2193",79,2.60526315789474,114
"2194",3177,2.60119047619048,168
"2195",424,2.6,75
"2196",3743,2.5974025974026,77
"2197",2500,2.59663865546218,119
"2198",3354,2.59520807061791,793
"2199",2088,2.59447983014862,471
"2200",2815,2.59409594095941,271
"2201",3511,2.59090909090909,66
"2202",2264,2.59036144578313,83
"2203",455,2.58947368421053,285
"2204",842,2.58940397350993,151
"2205",1388,2.58918918918919,370
"2206",1831,2.58470764617691,667
"2207",2862,2.58426966292135,89
"2208",3705,2.58421052631579,380
"2209",432,2.57908163265306,392
"2210",3923,2.57692307692308,104
"2211",172,2.5764192139738,458
"2212",2385,2.57534246575342,146
"2213",990,2.57407407407407,54
"2214",1461,2.57407407407407,216
"2215",809,2.57142857142857,105
"2216",743,2.57009345794393,107
"2217",2253,2.56363636363636,440
"2218",1468,2.5625,144
"2219",818,2.56084656084656,189
"2220",840,2.56,50
"2221",1515,2.55801104972376,181
"2222",2051,2.55445544554455,101
"2223",3696,2.55384615384615,65
"2224",3385,2.5531914893617,141
"2225",1702,2.55298013245033,302
"2226",697,2.55294117647059,85
"2227",2170,2.55284552845528,123
"2228",782,2.55172413793103,145
"2229",2147,2.54978354978355,231
"2230",1756,2.54901960784314,51
"2231",548,2.54744525547445,137
"2232",1431,2.54741379310345,232
"2233",332,2.54658385093168,161
"2234",3840,2.54464285714286,112
"2235",637,2.54285714285714,140
"2236",2446,2.53968253968254,63
"2237",3248,2.53960396039604,202
"2238",3766,2.53926701570681,191
"2239",2044,2.53846153846154,52
"2240",2050,2.53846153846154,104
"2241",3826,2.53827160493827,405
"2242",20,2.5375,160
"2243",275,2.5375,80
"2244",1640,2.53571428571429,84
"2245",2835,2.53571428571429,56
"2246",3833,2.53571428571429,56
"2247",2668,2.53479853479853,273
"2248",3596,2.53333333333333,60
"2249",413,2.53061224489796,245
"2250",2408,2.52895752895753,259
"2251",3017,2.52884615384615,104
"2252",742,2.52873563218391,174
"2253",1626,2.51851851851852,81
"2254",1590,2.51807228915663,498
"2255",528,2.51470588235294,68
"2256",2004,2.51344086021505,372
"2257",2808,2.512,375
"2258",849,2.51076320939335,511
"2259",485,2.508,500
"2260",420,2.50568181818182,352
"2261",305,2.50393700787402,127
"2262",3243,2.50170648464164,293
"2263",2713,2.50118764845606,421
"2264",711,2.5,62
"2265",3064,2.5,60
"2266",360,2.49606299212598,127
"2267",3754,2.49514563106796,206
"2268",132,2.49450549450549,91
"2269",505,2.49275362318841,69
"2270",1592,2.49107142857143,112
"2271",2306,2.48888888888889,90
"2272",3579,2.48529411764706,68
"2273",1887,2.48333333333333,60
"2274",3453,2.48314606741573,89
"2275",2373,2.48148148148148,189
"2276",19,2.48071979434447,389
"2277",415,2.4804469273743,179
"2278",3004,2.48015873015873,252
"2279",1359,2.47747747747748,222
"2280",2458,2.47692307692308,130
"2281",489,2.47422680412371,97
"2282",611,2.47222222222222,216
"2283",191,2.46666666666667,75
"2284",1526,2.46590909090909,88
"2285",209,2.46153846153846,52
"2286",166,2.45901639344262,61
"2287",15,2.45890410958904,146
"2288",3616,2.45652173913043,138
"2289",518,2.45637583892617,149
"2290",3715,2.45454545454545,88
"2291",2027,2.44961240310078,129
"2292",2122,2.44635193133047,233
"2293",2907,2.44600938967136,213
"2294",3646,2.44444444444444,180
"2295",2851,2.44360902255639,133
"2296",2827,2.44207317073171,328
"2297",2733,2.44,50
"2298",312,2.4375,112
"2299",2092,2.43558282208589,163
"2300",1453,2.43243243243243,148
"2301",1772,2.4304347826087,230
"2302",1655,2.42857142857143,77
"2303",416,2.42696629213483,89
"2304",1975,2.42690058479532,171
"2305",258,2.42361111111111,144
"2306",1995,2.42307692307692,182
"2307",2902,2.42073170731707,164
"2308",3802,2.41776315789474,304
"2309",2786,2.41666666666667,72
"2310",3889,2.41481481481481,135
"2311",2162,2.41242937853107,177
"2312",1985,2.41085271317829,129
"2313",2473,2.40932642487047,193
"2314",612,2.40506329113924,79
"2315",1855,2.39814814814815,108
"2316",2953,2.39296187683284,341
"2317",3709,2.38938053097345,113
"2318",2379,2.38666666666667,225
"2319",2719,2.38235294117647,476
"2320",2296,2.38194444444444,144
"2321",2986,2.38133874239351,493
"2322",3669,2.38028169014085,71
"2323",429,2.37967914438503,187
"2324",1005,2.37323943661972,142
"2325",3716,2.37313432835821,67
"2326",3130,2.3728813559322,118
"2327",1126,2.37223974763407,317
"2328",427,2.36746987951807,166
"2329",2315,2.36734693877551,147
"2330",2526,2.36641221374046,131
"2331",12,2.3625,160
"2332",891,2.36065573770492,183
"2333",1456,2.359375,64
"2334",2522,2.35443037974684,79
"2335",2460,2.35344827586207,116
"2336",3048,2.35211267605634,71
"2337",355,2.35205992509363,267
"2338",2448,2.34920634920635,189
"2339",3024,2.34782608695652,161
"2340",2404,2.3421926910299,301
"2341",92,2.34090909090909,88
"2342",3895,2.34042553191489,94
"2343",1606,2.3394495412844,109
"2344",2642,2.33659491193738,511
"2345",1474,2.33561643835616,146
"2346",710,2.33333333333333,51
"2347",2498,2.33333333333333,123
"2348",2950,2.33236994219653,346
"2349",3325,2.33125,160
"2350",1987,2.32967032967033,91
"2351",2906,2.328,250
"2352",1882,2.32464929859719,499
"2353",1969,2.32116788321168,274
"2354",1503,2.31724137931035,145
"2355",1869,2.31372549019608,51
"2356",2456,2.31338028169014,284
"2357",174,2.30864197530864,81
"2358",173,2.30851063829787,564
"2359",2995,2.30791788856305,341
"2360",2868,2.3015873015873,63
"2361",444,2.2962962962963,81
"2362",3299,2.29545454545455,176
"2363",1427,2.29411764705882,51
"2364",3692,2.29310344827586,58
"2365",829,2.29007633587786,131
"2366",3391,2.28125,96
"2367",688,2.27699530516432,213
"2368",2119,2.27210884353741,147
"2369",64,2.26582278481013,79
"2370",3432,2.26388888888889,72
"2371",1839,2.26086956521739,69
"2372",3946,2.26,100
"2373",1562,2.25742574257426,606
"2374",2053,2.25721784776903,381
"2375",3710,2.25405405405405,185
"2376",2149,2.25242718446602,103
"2377",1971,2.2396694214876,242
"2378",160,2.23893805309735,565
"2379",1336,2.23636363636364,55
"2380",93,2.23595505617978,89
"2381",2525,2.23529411764706,153
"2382",2392,2.23414634146341,205
"2383",3919,2.22988505747126,87
"2384",2548,2.22857142857143,105
"2385",2549,2.22857142857143,175
"2386",606,2.2258064516129,93
"2387",473,2.22516556291391,151
"2388",234,2.22448979591837,147
"2389",540,2.2189349112426,169
"2390",2036,2.21875,96
"2391",1863,2.21830985915493,142
"2392",839,2.21481481481481,135
"2393",3286,2.21311475409836,122
"2394",1623,2.2109375,128
"2395",87,2.21052631578947,76
"2396",3661,2.20731707317073,82
"2397",2338,2.20338983050847,295
"2398",880,2.20061728395062,324
"2399",1499,2.20050125313283,399
"2400",3180,2.2,70
"2401",419,2.19230769230769,156
"2402",1750,2.19047619047619,63
"2403",3908,2.18478260869565,92
"2404",762,2.18456375838926,298
"2405",1973,2.18139534883721,215
"2406",833,2.17948717948718,78
"2407",1681,2.17910447761194,134
"2408",1979,2.17857142857143,112
"2409",1977,2.17751479289941,169
"2410",1445,2.17307692307692,156
"2411",2720,2.16621983914209,373
"2412",3768,2.16049382716049,81
"2413",2701,2.15853658536585,902
"2414",1980,2.15384615384615,91
"2415",2113,2.15189873417722,79
"2416",3031,2.15094339622642,53
"2417",3190,2.14906832298137,161
"2418",3393,2.13725490196078,51
"2419",3238,2.13483146067416,267
"2420",3824,2.12820512820513,117
"2421",3439,2.12749003984064,251
"2422",1986,2.1259842519685,127
"2423",405,2.12315270935961,203
"2424",2422,2.12237762237762,286
"2425",2152,2.11594202898551,69
"2426",374,2.11475409836066,183
"2427",692,2.11320754716981,106
"2428",1992,2.11278195488722,133
"2429",2568,2.10747663551402,214
"2430",2828,2.10743801652893,121
"2431",1326,2.10714285714286,56
"2432",3401,2.10619469026549,113
"2433",71,2.10416666666667,96
"2434",2412,2.1021897810219,274
"2435",2450,2.09907834101382,434
"2436",1988,2.09803921568627,51
"2437",3662,2.09782608695652,92
"2438",2461,2.09677419354839,62
"2439",1984,2.0952380952381,105
"2440",3767,2.08653846153846,104
"2441",631,2.08,75
"2442",1978,2.07894736842105,114
"2443",65,2.06293706293706,143
"2444",255,2.06060606060606,66
"2445",2514,2.06034482758621,116
"2446",2748,2.05109489051095,137
"2447",2903,2.05102040816327,98
"2448",193,2.05069124423963,217
"2449",1862,2.05050505050505,198
"2450",437,2.046875,64
"2451",3689,2.04255319148936,141
"2452",3690,2.04098360655738,122
"2453",2380,2.03061224489796,196
"2454",737,2.03,300
"2455",2965,2.02777777777778,72
"2456",3877,2.02197802197802,182
"2457",169,2.01769911504425,113
"2458",747,2,55
"2459",2265,2,83
"2460",2153,1.99652777777778,288
"2461",1972,1.995,200
"2462",126,1.98989898989899,99
"2463",1976,1.97989949748744,199
"2464",3054,1.97794117647059,136
"2465",3774,1.96875,64
"2466",2386,1.96610169491525,59
"2467",1381,1.96369636963696,303
"2468",519,1.94059405940594,202
"2469",3392,1.93630573248408,157
"2470",502,1.93548387096774,155
"2471",2798,1.925,160
"2472",3440,1.92021276595745,188
"2473",2381,1.91379310344828,174
"2474",1993,1.89690721649485,97
"2475",2643,1.88855421686747,332
"2476",1707,1.87662337662338,154
"2477",1731,1.875,64
"2478",546,1.87428571428571,350
"2479",1760,1.87368421052632,190
"2480",1556,1.87193460490463,367
"2481",2816,1.86486486486486,148
"2482",3663,1.86206896551724,58
"2483",393,1.85714285714286,105
"2484",3694,1.85483870967742,62
"2485",1389,1.85238095238095,210
"2486",1981,1.83838383838384,99
"2487",2974,1.83582089552239,67
"2488",2462,1.83333333333333,54
"2489",1996,1.83035714285714,112
"2490",102,1.81666666666667,60
"2491",3695,1.81132075471698,53
"2492",3564,1.8046875,128
"2493",2515,1.78846153846154,52
"2494",3268,1.78212290502793,179
"2495",1998,1.76991150442478,113
"2496",2382,1.76666666666667,150
"2497",2807,1.75824175824176,91
"2498",1595,1.73846153846154,65
"2499",3572,1.72727272727273,77
"2500",2555,1.70121951219512,164
"2501",3041,1.6986301369863,73
"2502",2368,1.68965517241379,58
"2503",3664,1.68518518518519,54
"2504",66,1.67010309278351,97
"2505",2383,1.65771812080537,149
"2506",1599,1.64179104477612,67
"2507",2817,1.64,125
"2508",3799,1.62,100
"2509",181,1.61290322580645,93
"2510",3593,1.61111111111111,342
"2511",2818,1.60344827586207,58
"2512",2799,1.55555555555556,99
"2513",3042,1.55384615384615,65
"2514",810,1.46666666666667,120
